"","abb","year","est","std_err"
"1","AK",1999,-1.40168236515,0.484595258344926
"2","AK",2000,-1.4635935538,0.491956858921385
"3","AK",2001,-1.4369456375,0.479934599421624
"4","AK",2002,-1.46376268955,0.477598387011708
"5","AK",2003,-1.453891475,0.48326653955014
"6","AK",2004,-1.4491828843,0.479551418270876
"7","AK",2005,-1.4511615196,0.479515512490956
"8","AK",2006,-1.4519382035,0.481185619146655
"9","AK",2007,-1.46093800615,0.463702844959008
"10","AK",2008,-0.95181318267,0.392798668147762
"11","AK",2009,-0.962062446885,0.407639132172621
"12","AK",2010,-0.42738249601785,0.314963208270669
"13","AK",2011,-0.4348275788915,0.302023506215032
"14","AK",2012,-0.4315024116695,0.327724860822438
"15","AK",2013,-0.4299358964275,0.313581372860904
"16","AK",2014,-0.4344922473255,0.322847156430197
"17","AK",2015,-0.433412122659,0.326745802650578
"18","AK",2016,-0.443144218099,0.317138961519022
"19","AK",2017,-0.1832745460429,0.279529574597544
"20","AK",2018,-0.1775866002596,0.278153418127228
"21","AK",2019,-0.333733004971,0.317817948316796
"22","AK",2020,-0.3107484170975,0.293611824296911
"23","AL",1999,-0.675536536515,0.388661469764828
"24","AL",2000,-0.75355934066,0.383145243360958
"25","AL",2001,-0.7506073882095,0.386255998168953
"26","AL",2002,-0.755915048,0.379171203697429
"27","AL",2003,-0.7579986605835,0.387259978720519
"28","AL",2004,-0.752321153775,0.368072189285327
"29","AL",2005,-0.75303477534,0.374558352644633
"30","AL",2006,-0.5611370185,0.354293733169769
"31","AL",2007,-0.343353677274,0.305689178534978
"32","AL",2008,-0.34045979768855,0.31750558300618
"33","AL",2009,-0.354024687532,0.296980917500732
"34","AL",2010,-0.34445634616495,0.297508745617297
"35","AL",2011,-0.3433960797715,0.309400581830558
"36","AL",2012,-0.3512170385055,0.306367365988234
"37","AL",2013,-0.3444071319687,0.303411019074187
"38","AL",2014,-0.3489781398395,0.314301280725706
"39","AL",2015,-0.1888186010675,0.285758286981287
"40","AL",2016,-0.188674329311,0.286209778011202
"41","AL",2017,-0.2686727643065,0.293006689363628
"42","AL",2018,-0.2759312700895,0.289217348125945
"43","AL",2019,-0.3996353203725,0.313524266844407
"44","AL",2020,-0.3861786725605,0.322407365489174
"45","AR",1999,-1.4493278368,0.512376931740699
"46","AR",2000,-1.501955678,0.514093890083852
"47","AR",2001,-1.17201387288,0.459645621533733
"48","AR",2002,-1.15875737185,0.434146642899646
"49","AR",2003,-1.1596618617,0.436666906675286
"50","AR",2004,-1.1563043309,0.422491203746855
"51","AR",2005,-0.885449614345,0.39318772020893
"52","AR",2006,-0.88919889175,0.390672245880362
"53","AR",2007,-0.63542217856,0.356133925306731
"54","AR",2008,-0.3662440497785,0.313602730062903
"55","AR",2009,-0.3772812422007,0.321502130746458
"56","AR",2010,-0.170930022595,0.282180310164153
"57","AR",2011,0.0170456889565,0.266449660169446
"58","AR",2012,0.013519412215,0.264669663320673
"59","AR",2013,0.21040636629455,0.251181188284294
"60","AR",2014,0.21769387958995,0.264750613448624
"61","AR",2015,0.22129594214,0.257909758700776
"62","AR",2016,0.2143601315635,0.273996413227427
"63","AR",2017,0.210695570413,0.253955017373373
"64","AR",2018,0.2116713316875,0.257003358580614
"65","AR",2019,0.28524646687835,0.277866740292606
"66","AR",2020,0.30017567127285,0.25961563344795
"67","AZ",1999,-0.759001543345,0.398254971015378
"68","AZ",2000,-0.828948994615,0.381465760511651
"69","AZ",2001,-0.819558003465,0.384521520352976
"70","AZ",2002,-0.836822375655,0.401814327757555
"71","AZ",2003,-0.608553912521,0.365052659207035
"72","AZ",2004,-0.6128545383355,0.359843914819603
"73","AZ",2005,-0.391848719815,0.306413001549097
"74","AZ",2006,0.167953784299,0.249501974558044
"75","AZ",2007,0.293023280143,0.254617468109356
"76","AZ",2008,0.373982856743,0.237387245541061
"77","AZ",2009,0.37931310377,0.239093688773906
"78","AZ",2010,0.744507268345,0.225399414196567
"79","AZ",2011,0.8751809095,0.215452935845596
"80","AZ",2012,0.8084160887,0.222786848016388
"81","AZ",2013,0.8163211645,0.219239550207425
"82","AZ",2014,0.8179795655,0.218648211141471
"83","AZ",2015,0.827837402,0.220139608071881
"84","AZ",2016,0.975511,0.230563044366622
"85","AZ",2017,0.950684489,0.233694939986519
"86","AZ",2018,0.954833747,0.225084683399492
"87","AZ",2019,0.986907308,0.225170479083017
"88","AZ",2020,0.946312432,0.229632471728128
"89","CA",1999,-0.4076701372525,0.37053193878745
"90","CA",2000,-0.492230154584,0.333899823876351
"91","CA",2001,0.08862492597115,0.294514547906474
"92","CA",2002,0.4352942407255,0.252007261417501
"93","CA",2003,0.48909221411,0.272082090841423
"94","CA",2004,0.8932683762,0.241026671291841
"95","CA",2005,1.2394089435,0.262023402078862
"96","CA",2006,1.4919117605,0.268272634604195
"97","CA",2007,1.8258815175,0.290735247009262
"98","CA",2008,1.95847877,0.297540508624327
"99","CA",2009,1.972053795,0.296668771888035
"100","CA",2010,1.97668768,0.297990426124143
"101","CA",2011,1.968498665,0.304732544975674
"102","CA",2012,1.96701217,0.281929703440116
"103","CA",2013,2.100424595,0.302633251378886
"104","CA",2014,2.12156448,0.308238340283521
"105","CA",2015,2.14927583,0.306705470674036
"106","CA",2016,2.215372755,0.303096965472106
"107","CA",2017,2.241695085,0.305447732235577
"108","CA",2018,2.45078233,0.301930979123124
"109","CA",2019,2.485095245,0.311105571816622
"110","CA",2020,2.59776813,0.317581248826196
"111","CO",1999,-1.1385112686,0.469060414540105
"112","CO",2000,-1.1960870707,0.450614326699031
"113","CO",2001,-1.19596356347,0.449089413926214
"114","CO",2002,-1.1939314011,0.432229158543853
"115","CO",2003,-1.1915857506,0.44845052110463
"116","CO",2004,-0.789948537137,0.398832508510275
"117","CO",2005,-0.395402676333,0.33449135567946
"118","CO",2006,-0.40371637137,0.30584520158729
"119","CO",2007,0.32017270703015,0.263573288210737
"120","CO",2008,0.625644366265,0.225697602336687
"121","CO",2009,0.8206505974,0.214117719291419
"122","CO",2010,1.026984796,0.217500010171914
"123","CO",2011,1.071880465,0.222930097460412
"124","CO",2012,1.088354458,0.229680005622284
"125","CO",2013,1.1012393855,0.22536086437977
"126","CO",2014,1.1132189415,0.22509398160531
"127","CO",2015,1.182087508,0.238853356211267
"128","CO",2016,1.201286054,0.237230607298027
"129","CO",2017,1.2731859395,0.226809157276968
"130","CO",2018,1.436129375,0.245353389340451
"131","CO",2019,1.976947905,0.292390164243317
"132","CO",2020,2.10760503,0.302938912909313
"133","CT",1999,0.0378013677805,0.26950113208139
"134","CT",2000,-0.0382956313855,0.295243377683477
"135","CT",2001,0.0260115895675,0.26872401670098
"136","CT",2002,0.00643553534035,0.265087920023621
"137","CT",2003,0.08718180181675,0.259091346209943
"138","CT",2004,0.23236459663,0.251299652378533
"139","CT",2005,0.5498370848,0.245654301073528
"140","CT",2006,0.71522537749,0.244324263352528
"141","CT",2007,1.151235096,0.262726053117926
"142","CT",2008,1.4038156195,0.259439980274302
"143","CT",2009,1.68958954,0.262526755062049
"144","CT",2010,1.779723117,0.278015021997644
"145","CT",2011,1.92338124,0.28836462550768
"146","CT",2012,1.9339575225,0.285740814038009
"147","CT",2013,1.94758715,0.280845266896821
"148","CT",2014,1.9597593035,0.298211073005029
"149","CT",2015,2.09972553,0.295539300430194
"150","CT",2016,2.142363795,0.292126203340589
"151","CT",2017,2.165460035,0.289411546757636
"152","CT",2018,2.19585437,0.28398076501984
"153","CT",2019,2.216925125,0.281103747809418
"154","CT",2020,2.24138117,0.301752106923295
"155","DC",1999,-0.6558447793685,0.495108702862713
"156","DC",2000,-0.1871011412548,0.409304281392897
"157","DC",2001,-0.196619781132,0.410931187334801
"158","DC",2002,-0.214974245129865,0.392028246966946
"159","DC",2003,-0.2113776595705,0.395348820488198
"160","DC",2004,-0.2140298883405,0.40724112273384
"161","DC",2005,0.184516766104,0.37552321204267
"162","DC",2006,0.38165915839,0.342731842242714
"163","DC",2007,0.4388738320875,0.355352303995026
"164","DC",2008,0.692856020085,0.342468182586349
"165","DC",2009,0.70012727278,0.340953366064428
"166","DC",2010,0.9056964588,0.353264171862353
"167","DC",2011,0.924727108105,0.345662029058558
"168","DC",2012,0.94786468549,0.328756610876643
"169","DC",2013,0.96656395705,0.347315484721563
"170","DC",2014,0.98776474145,0.33527676434165
"171","DC",2015,1.01368143745,0.327434783516497
"172","DC",2016,1.2408995955,0.345516473222392
"173","DC",2017,1.3255425405,0.354189637263452
"174","DC",2018,1.634683146,0.378871622054965
"175","DC",2019,1.6645543995,0.349715110717837
"176","DC",2020,1.7026377385,0.377820295977288
"177","DE",1999,-0.64352035735,0.369989087177486
"178","DE",2000,-0.419822258165,0.331266802927435
"179","DE",2001,-0.412850486436,0.307827644907994
"180","DE",2002,-0.419957745575,0.31158857384071
"181","DE",2003,-0.420517660671,0.313025855037943
"182","DE",2004,-0.25886064961,0.298481846935911
"183","DE",2005,0.05289872880065,0.278586642317742
"184","DE",2006,0.1630474823752,0.263247351089565
"185","DE",2007,0.169470974632,0.260074493273758
"186","DE",2008,0.167610264738,0.270458402745979
"187","DE",2009,0.37751601641235,0.257909395591352
"188","DE",2010,0.64896802188,0.254514484875709
"189","DE",2011,0.661300400946,0.260918743947683
"190","DE",2012,0.67583874496,0.268303378519168
"191","DE",2013,0.6924163921,0.249526700603978
"192","DE",2014,0.906611943,0.234334565028675
"193","DE",2015,0.9744263069,0.243800894742455
"194","DE",2016,0.986292089,0.239640855230227
"195","DE",2017,1.033946705,0.23865654675483
"196","DE",2018,1.160462282,0.257285937564438
"197","DE",2019,1.102057622,0.251085787912958
"198","DE",2020,1.117510351,0.248430209693382
"199","FL",1999,-0.432568476813,0.331783429654018
"200","FL",2000,-0.5031471885135,0.335205865203386
"201","FL",2001,-0.50805075631518,0.333633569990057
"202","FL",2002,-0.50688728158,0.332137192131622
"203","FL",2003,-0.531778974835465,0.32138380607435
"204","FL",2004,-0.522368850255,0.338872814934142
"205","FL",2005,-0.525982688413,0.339735843158943
"206","FL",2006,-0.52376992227965,0.330254726314402
"207","FL",2007,0.02353149785775,0.263249622578052
"208","FL",2008,0.5469762038535,0.243990951808884
"209","FL",2009,0.543091613656,0.248207841798752
"210","FL",2010,0.64029457815,0.229174490012359
"211","FL",2011,0.5091444815649,0.243858705315092
"212","FL",2012,0.5093111487255,0.241113957128651
"213","FL",2013,0.376599271021,0.263503495078827
"214","FL",2014,0.374397201026,0.255840582972193
"215","FL",2015,0.372392348335,0.25496190070363
"216","FL",2016,0.368658378556,0.249337932884842
"217","FL",2017,0.348580449894225,0.256328274097518
"218","FL",2018,0.3522033779505,0.227218341755661
"219","FL",2019,0.2405601359081,0.260213278003573
"220","FL",2020,0.3091548995485,0.249449907871449
"221","GA",1999,-1.243833712065,0.487627039694083
"222","GA",2000,-1.295993792,0.477473856281588
"223","GA",2001,-1.00167996935,0.424213842617078
"224","GA",2002,-1.009986176235,0.422694340540403
"225","GA",2003,-0.999678360095,0.422190863589055
"226","GA",2004,-0.993964045885,0.418194611987133
"227","GA",2005,-1.003427071102,0.422598961485531
"228","GA",2006,-1.022066357495,0.422457796094155
"229","GA",2007,-0.70897367507,0.363687619635919
"230","GA",2008,-0.4328626334,0.32534813074381
"231","GA",2009,-0.4196907117046,0.319099981000602
"232","GA",2010,-0.1157699478947,0.272600494989778
"233","GA",2011,0.038572908734,0.26512682797088
"234","GA",2012,0.043640111813,0.259409597263109
"235","GA",2013,0.046059181856,0.273343696335984
"236","GA",2014,0.04698916009145,0.263617923335129
"237","GA",2015,0.049753414554,0.251606630854568
"238","GA",2016,0.04183689392365,0.263975793670006
"239","GA",2017,0.0308783696505,0.247556357842688
"240","GA",2018,0.03219031277135,0.252226027683199
"241","GA",2019,0.04380351051525,0.283017811470445
"242","GA",2020,0.053627398823,0.281310444349383
"243","HI",1999,-0.439110427401,0.348001046394447
"244","HI",2000,-0.53082215675975,0.350893791357727
"245","HI",2001,-0.340239617297,0.318123660280696
"246","HI",2002,-0.344838152774,0.290435865649384
"247","HI",2003,-0.221418228535,0.287958861059795
"248","HI",2004,0.2948859202,0.260208650737873
"249","HI",2005,0.2985942150505,0.247134222486628
"250","HI",2006,0.3968363072667,0.25251715350902
"251","HI",2007,0.706483462685,0.251846352075996
"252","HI",2008,0.694720414,0.237172524980424
"253","HI",2009,0.994897616,0.247578778120404
"254","HI",2010,1.1968791725,0.244339154935164
"255","HI",2011,1.2100148645,0.240255803890548
"256","HI",2012,1.211752302,0.251421791216193
"257","HI",2013,1.225338323,0.235644554700822
"258","HI",2014,1.2314434345,0.24949901658587
"259","HI",2015,1.4893876975,0.270101896805685
"260","HI",2016,1.507062628,0.280522835150462
"261","HI",2017,1.4489502775,0.264545573005603
"262","HI",2018,1.4824933425,0.261452557631528
"263","HI",2019,1.608820289,0.284867370012644
"264","HI",2020,1.768587091,0.287386067372148
"265","IA",1999,-0.524060991951,0.368216784179475
"266","IA",2000,-0.6035549917483,0.359903070533214
"267","IA",2001,-0.466489678753,0.34112778558651
"268","IA",2002,-0.4671220060738,0.338324888933203
"269","IA",2003,-0.3280773411795,0.318168252428108
"270","IA",2004,-0.3330827911925,0.319000095869597
"271","IA",2005,-0.176072148147,0.298407992797484
"272","IA",2006,-0.0364014889073,0.274110406845412
"273","IA",2007,0.17093427538105,0.279933130264388
"274","IA",2008,0.523824225245,0.255490382319516
"275","IA",2009,0.524015410097,0.240389569655613
"276","IA",2010,0.82095484255,0.23103965179334
"277","IA",2011,0.81618515375,0.237049657278633
"278","IA",2012,0.8093480021,0.247871227894744
"279","IA",2013,0.80782452295,0.238847717141482
"280","IA",2014,0.81063082115,0.233078841246088
"281","IA",2015,0.81561675535,0.240971020583233
"282","IA",2016,0.8093916776,0.235722196881648
"283","IA",2017,0.775295666,0.224218022382634
"284","IA",2018,0.8167765199,0.22667139031316
"285","IA",2019,0.7662633399525,0.240129777765434
"286","IA",2020,0.7860367559,0.233944191658593
"287","ID",1999,-1.47169603445,0.522836576611652
"288","ID",2000,-1.520257429,0.50210949482746
"289","ID",2001,-1.511184692,0.515123578544416
"290","ID",2002,-1.5161101245,0.491848958341871
"291","ID",2003,-1.5041611585,0.50037449552687
"292","ID",2004,-1.50771296788,0.481730670326848
"293","ID",2005,-1.50975156185,0.512816407005901
"294","ID",2006,-1.5158795545,0.489067224238183
"295","ID",2007,-0.71077308243,0.348698453486876
"296","ID",2008,-0.7252950826545,0.395077603774358
"297","ID",2009,-0.7168496697835,0.376177348282911
"298","ID",2010,-0.719285726633,0.360658200099413
"299","ID",2011,-0.718304420912,0.384213957825206
"300","ID",2012,-0.705883055508,0.363763710290271
"301","ID",2013,-0.71714954091,0.361954878546187
"302","ID",2014,-0.710374584855,0.365994337979954
"303","ID",2015,-0.71352850004,0.359818414420926
"304","ID",2016,-0.4674393135235,0.354829410202466
"305","ID",2017,-0.2614841577335,0.316360630270729
"306","ID",2018,-0.25437676684255,0.29579650408583
"307","ID",2019,-0.39493897130735,0.32388573991975
"308","ID",2020,-0.28841531205,0.327721706563477
"309","IL",1999,-0.5056651870455,0.362708293593577
"310","IL",2000,-0.57566625530195,0.340393662612211
"311","IL",2001,-0.3809869315404,0.305100510505401
"312","IL",2002,-0.3890022548915,0.303219630128519
"313","IL",2003,-0.389303531242,0.301429616915599
"314","IL",2004,-0.383309729935,0.307235803737942
"315","IL",2005,-0.39279560425195,0.311834455753556
"316","IL",2006,-0.3891510681165,0.304822066723133
"317","IL",2007,0.542422062524,0.248640839059198
"318","IL",2008,0.73871477895,0.237327647842239
"319","IL",2009,0.8320617653,0.235991437992698
"320","IL",2010,0.8716305792,0.237824192212326
"321","IL",2011,0.9092184045,0.232363588889302
"322","IL",2012,0.9462078205,0.239796189187138
"323","IL",2013,0.976222801,0.229576277961467
"324","IL",2014,1.0157082475,0.236603399233649
"325","IL",2015,1.0480991615,0.243408298727831
"326","IL",2016,1.2352716435,0.238377853823696
"327","IL",2017,1.2788468905,0.225385782323321
"328","IL",2018,1.2845823485,0.225049842973052
"329","IL",2019,1.3537448335,0.250255799346075
"330","IL",2020,1.3701709195,0.260113553877222
"331","IN",1999,-1.0707592331,0.427464320978965
"332","IN",2000,-1.14227089365,0.440220043855077
"333","IN",2001,-1.1492187656,0.450647974402278
"334","IN",2002,-1.14610148075,0.421608291810002
"335","IN",2003,-1.145164812695,0.427877378180341
"336","IN",2004,-0.883293036508,0.410419089660596
"337","IN",2005,-0.87809780355,0.381528070113966
"338","IN",2006,-0.892896720145,0.410530961715044
"339","IN",2007,-0.89146203741,0.373564288081061
"340","IN",2008,-0.6747366534245,0.346059217611457
"341","IN",2009,-0.218746387623,0.30000587344852
"342","IN",2010,-0.0243122992485,0.272770174884532
"343","IN",2011,0.0920445073795,0.239112510480235
"344","IN",2012,0.124832399517,0.24436821542684
"345","IN",2013,0.150766657774,0.250165694535191
"346","IN",2014,0.23305154746615,0.243522504806109
"347","IN",2015,-0.2067926397715,0.275786138497442
"348","IN",2016,-0.2105786337745,0.276931171425745
"349","IN",2017,-0.192391475788,0.263571877281808
"350","IN",2018,-0.2057306229268,0.254996236718135
"351","IN",2019,-0.1480871027085,0.270676316094123
"352","IN",2020,-0.1258446949782,0.27017606052938
"353","KS",1999,-1.21781567095,0.456888409328067
"354","KS",2000,-1.2877169572,0.455557367024807
"355","KS",2001,-1.27546823865,0.458956499924439
"356","KS",2002,-1.29770498765,0.492346611961936
"357","KS",2003,-1.285878168965,0.468549122315859
"358","KS",2004,-1.296709697,0.455628359495806
"359","KS",2005,-1.27676489995,0.443461369335617
"360","KS",2006,-1.280935388,0.445120787167984
"361","KS",2007,-0.458427287299,0.312973947245112
"362","KS",2008,-0.475505680613,0.323988484369216
"363","KS",2009,-0.066043894819,0.259124130543161
"364","KS",2010,-0.063760018023,0.266173998522532
"365","KS",2011,0.1260006076089,0.263358648390927
"366","KS",2012,0.11947875286,0.249444479240993
"367","KS",2013,0.1201569506495,0.257712346571282
"368","KS",2014,0.1201709595065,0.248300051818287
"369","KS",2015,-0.0489718582205,0.259373106417835
"370","KS",2016,-0.05436380743685,0.253001785292699
"371","KS",2017,-0.049233917692,0.254745470862437
"372","KS",2018,0.018237532094,0.253396359222627
"373","KS",2019,-0.0570591511775,0.248831915131766
"374","KS",2020,-0.0297477263679,0.259875870140483
"375","KY",1999,-1.44220653,0.504301835267966
"376","KY",2000,-1.5044315305,0.493980255528888
"377","KY",2001,-1.48413833565,0.502576706265854
"378","KY",2002,-1.4815520165,0.495185798026297
"379","KY",2003,-1.4911101792,0.490965297022185
"380","KY",2004,-1.482143258,0.470539965820044
"381","KY",2005,-1.14828755115,0.442374800519724
"382","KY",2006,-1.163330065895,0.458263449947555
"383","KY",2007,-0.993473810335,0.431795128550916
"384","KY",2008,-0.4999725861856,0.343491024239146
"385","KY",2009,-0.506992790943,0.322908639219033
"386","KY",2010,-0.1355462934765,0.282783207042179
"387","KY",2011,0.051312514839,0.254270313296963
"388","KY",2012,0.0555443190515,0.255932371486573
"389","KY",2013,0.052382975911,0.271302470094927
"390","KY",2014,0.060493348098,0.270596865847682
"391","KY",2015,0.1656550732524,0.255830528454231
"392","KY",2016,0.164133757456,0.270374325806363
"393","KY",2017,0.1723537292957,0.246537091711219
"394","KY",2018,0.22185483273,0.247363449475716
"395","KY",2019,0.1715705655825,0.266724676992785
"396","KY",2020,0.18524613910105,0.260892900749402
"397","LA",1999,-1.213134677935,0.468105740976404
"398","LA",2000,-1.27934326187,0.453231328926062
"399","LA",2001,-1.28795369705,0.454338459369361
"400","LA",2002,-1.29042747225,0.462138116381245
"401","LA",2003,-0.984076733585,0.396881480870349
"402","LA",2004,-0.977623290155,0.415801388483975
"403","LA",2005,-1.00163756677,0.408634401407507
"404","LA",2006,-1.00140854911,0.404280936647311
"405","LA",2007,-0.75101284752,0.354763994796812
"406","LA",2008,-0.89445783422,0.386569517384305
"407","LA",2009,-0.7466075572475,0.373896107084745
"408","LA",2010,-0.587123953374,0.344301005115769
"409","LA",2011,-0.5955984854005,0.342308740263905
"410","LA",2012,-0.5880679733,0.336071127492547
"411","LA",2013,-0.345723216308,0.305077163443385
"412","LA",2014,-0.34661569453495,0.30968889497755
"413","LA",2015,-0.3470277536475,0.313612313954551
"414","LA",2016,-0.3547107083745,0.299416914921425
"415","LA",2017,-0.428388061433,0.306175216981101
"416","LA",2018,-0.43279763313395,0.319856630354159
"417","LA",2019,-0.3823720444958,0.31550612863633
"418","LA",2020,-0.177210979949,0.295968536705694
"419","MA",1999,-0.3261776979456,0.346231894484469
"420","MA",2000,-0.401557594304,0.331028522395108
"421","MA",2001,-0.405149272789,0.333682032046281
"422","MA",2002,-0.412067469007,0.331087112293781
"423","MA",2003,-0.3816940103935,0.318669726340177
"424","MA",2004,-0.150608204545,0.292697387050809
"425","MA",2005,0.0427434886219,0.282166977103284
"426","MA",2006,0.03360098096375,0.266386061670214
"427","MA",2007,0.2646769970505,0.252644424071944
"428","MA",2008,1.238326062,0.262324492485702
"429","MA",2009,1.6616355155,0.268346612084586
"430","MA",2010,1.7877485705,0.272832007015818
"431","MA",2011,1.910490138,0.286720601113942
"432","MA",2012,1.997296175,0.285871754727351
"433","MA",2013,2.028725115,0.295430321237581
"434","MA",2014,2.14728516,0.295141703481466
"435","MA",2015,2.19104516,0.301432296878213
"436","MA",2016,2.253282925,0.308336622831418
"437","MA",2017,2.26829352,0.294987049670907
"438","MA",2018,2.280633935,0.2909207854411
"439","MA",2019,2.29234679,0.308905656196696
"440","MA",2020,2.3165802,0.320620672208739
"441","MD",1999,-0.66992368559,0.345336404288411
"442","MD",2000,-0.497122322405,0.321957525800521
"443","MD",2001,-0.5149412093245,0.334357579155028
"444","MD",2002,-0.514434677311,0.337687896201184
"445","MD",2003,-0.5196222555125,0.336660991024147
"446","MD",2004,-0.2333244770805,0.282122541407358
"447","MD",2005,-0.0389202537875,0.287055670040694
"448","MD",2006,-0.02345352735595,0.282362660342758
"449","MD",2007,0.65448134107,0.265305097056327
"450","MD",2008,0.8972404299,0.253807740548577
"451","MD",2009,1.5896403695,0.256982563800256
"452","MD",2010,1.601860324,0.279427071611187
"453","MD",2011,1.6470793455,0.268666338005478
"454","MD",2012,1.741454902,0.279625075826267
"455","MD",2013,1.7879035095,0.26265585896564
"456","MD",2014,1.842128404,0.283026476755969
"457","MD",2015,2.01423855,0.29094870983762
"458","MD",2016,2.03621954,0.274997697461802
"459","MD",2017,2.04475974,0.286378932769503
"460","MD",2018,2.153577415,0.282231908163589
"461","MD",2019,2.17569673,0.305291818907997
"462","MD",2020,2.2718793,0.313463304683182
"463","ME",1999,-0.323578194289,0.334709875006901
"464","ME",2000,-0.0185763607644,0.286804251593097
"465","ME",2001,-0.01346578371647,0.281473922061549
"466","ME",2002,-0.0270915043357,0.268355409492257
"467","ME",2003,0.309058697491,0.268518399057631
"468","ME",2004,0.504029928989,0.286173738943928
"469","ME",2005,0.648684024535,0.267408632248232
"470","ME",2006,0.743320112075,0.260595150227903
"471","ME",2007,0.741439934835,0.280934122001736
"472","ME",2008,0.73124578567,0.261944340563405
"473","ME",2009,1.5576684245,0.287509575771327
"474","ME",2010,1.88213942,0.28361382314567
"475","ME",2011,1.9118222895,0.277373211651868
"476","ME",2012,1.91952855,0.290437406328618
"477","ME",2013,1.949260843,0.287889578736501
"478","ME",2014,2.10635531,0.295800481168868
"479","ME",2015,2.12607695,0.293588394844195
"480","ME",2016,2.129531846,0.294070441293282
"481","ME",2017,2.315880105,0.302931056446378
"482","ME",2018,2.320893995,0.309487116543554
"483","ME",2019,2.31351546,0.304792479576829
"484","ME",2020,2.370411085,0.303284881310606
"485","MI",1999,-1.43043566515,0.491854527501336
"486","MI",2000,-0.91383008272,0.404424861140295
"487","MI",2001,-0.9269995541,0.39506952929493
"488","MI",2002,-0.92736765426,0.392730212233506
"489","MI",2003,-0.78866272545,0.380906321921954
"490","MI",2004,-0.774663605835,0.361210009266341
"491","MI",2005,-0.790859116385,0.358573606132901
"492","MI",2006,-0.771469821825,0.360702781603388
"493","MI",2007,-0.5363918127265,0.333827579280523
"494","MI",2008,0.451804087395,0.245867830555318
"495","MI",2009,0.72572972069,0.234034858931597
"496","MI",2010,0.9796654985,0.233267240827433
"497","MI",2011,0.9973534115,0.233136166356181
"498","MI",2012,1.0524946885,0.230407360187907
"499","MI",2013,1.05248106,0.223080821920222
"500","MI",2014,1.0631114285,0.231749119778114
"501","MI",2015,1.083154208,0.238261763523423
"502","MI",2016,1.2114421045,0.241021678625399
"503","MI",2017,1.275245409,0.231959249680453
"504","MI",2018,1.2762023845,0.237994860422961
"505","MI",2019,1.3500638065,0.24033158401828
"506","MI",2020,1.360421836,0.249586417836888
"507","MN",1999,-0.2178449408665,0.297082296986994
"508","MN",2000,-0.29899705394455,0.29262070963603
"509","MN",2001,0.110985153826,0.253306272218663
"510","MN",2002,0.093629689964,0.245746067501041
"511","MN",2003,0.1002126035321,0.257031063490052
"512","MN",2004,0.097476084241775,0.248607568814747
"513","MN",2005,0.1044855490245,0.253134498674058
"514","MN",2006,0.08716290427965,0.250396974951942
"515","MN",2007,0.9159785032,0.245970983204767
"516","MN",2008,1.0559905245,0.254920620956448
"517","MN",2009,1.06492805585,0.260521119051493
"518","MN",2010,1.580937443,0.264158008378311
"519","MN",2011,1.5902158695,0.26485251555571
"520","MN",2012,1.6028634615,0.251310584216374
"521","MN",2013,1.7300710505,0.27427541592624
"522","MN",2014,1.748938364,0.273141900323802
"523","MN",2015,1.772879478,0.288035489034831
"524","MN",2016,1.794733975,0.28108906224577
"525","MN",2017,1.81346546,0.269307170483679
"526","MN",2018,1.832008338,0.284588794207678
"527","MN",2019,1.9915639635,0.292461266792121
"528","MN",2020,2.00201218,0.290362320889339
"529","MO",1999,-1.43065575904,0.514388696914924
"530","MO",2000,-1.484280223,0.502445642137025
"531","MO",2001,-1.481268804,0.488640804855696
"532","MO",2002,-0.979878717135,0.428517811507572
"533","MO",2003,-0.9780471707,0.406117732884986
"534","MO",2004,-0.96187940464,0.387767382720921
"535","MO",2005,-0.97872878395,0.437948842619242
"536","MO",2006,-0.97793197864,0.422409446670946
"537","MO",2007,-0.3229788360675,0.291970096169783
"538","MO",2008,-0.2503739260205,0.294510851864839
"539","MO",2009,0.1404528704905,0.245427548876021
"540","MO",2010,0.2397210380525,0.240537010132332
"541","MO",2011,0.3351966261725,0.238240357405312
"542","MO",2012,0.3398332821668,0.23889946953549
"543","MO",2013,0.4415644717195,0.230799163253542
"544","MO",2014,0.4633429022315,0.239137979765093
"545","MO",2015,0.456675353845,0.23738980426974
"546","MO",2016,0.46239794621,0.238009233885425
"547","MO",2017,0.4402956748635,0.241255195012102
"548","MO",2018,0.5311567142,0.228347445662405
"549","MO",2019,0.515496029235,0.247730866535284
"550","MO",2020,0.5222749528175,0.241580778449594
"551","MS",1999,-1.4417138061,0.502593668235753
"552","MS",2000,-1.51360548135,0.515160913549972
"553","MS",2001,-1.4905454045,0.488269669325571
"554","MS",2002,-1.5038939256,0.495994421055644
"555","MS",2003,-1.4904395505,0.501331591643771
"556","MS",2004,-1.5011063164,0.532331812787191
"557","MS",2005,-1.4860801295,0.480464291476306
"558","MS",2006,-1.5035658755,0.511496714161964
"559","MS",2007,-1.489540296,0.473050443432877
"560","MS",2008,-1.49850351156,0.510980704344993
"561","MS",2009,-1.4939040655,0.491211255947373
"562","MS",2010,-1.22534384017,0.465983980236145
"563","MS",2011,-1.225672083695,0.455014112947261
"564","MS",2012,-1.2283819948,0.461498002971504
"565","MS",2013,-0.94027688385,0.395165143115521
"566","MS",2014,-0.946497353285,0.419396663077708
"567","MS",2015,-0.94246192,0.385487892121078
"568","MS",2016,-0.944090085095,0.391339660451177
"569","MS",2017,-0.842601860755,0.36395703723335
"570","MS",2018,-0.8421723939485,0.371680500086698
"571","MS",2019,-0.4133300852605,0.308265747164152
"572","MS",2020,-0.378811750299,0.29614909787549
"573","MT",1999,-0.628294951485,0.368796248626448
"574","MT",2000,-0.688504607975,0.361830910163519
"575","MT",2001,-0.70054366112,0.377208891891542
"576","MT",2002,-0.6951099785755,0.338617662534763
"577","MT",2003,-0.557206160269,0.341417670704177
"578","MT",2004,-0.555535991862,0.355110848623967
"579","MT",2005,-0.28868833342834,0.29123262758382
"580","MT",2006,-0.294515419782,0.325125907911225
"581","MT",2007,0.168526185693,0.254840313244253
"582","MT",2008,0.1990923857565,0.265503399179569
"583","MT",2009,0.29955552494935,0.259508949179968
"584","MT",2010,0.34968345478765,0.239983632765282
"585","MT",2011,0.3458101858515,0.249464551690524
"586","MT",2012,0.352682403212,0.246502985904305
"587","MT",2013,0.476824397397,0.240012446789793
"588","MT",2014,0.479248407285,0.232298432474956
"589","MT",2015,0.519031672855,0.242874199087939
"590","MT",2016,0.51507843389,0.239724020484851
"591","MT",2017,0.56513601468,0.230709028559021
"592","MT",2018,0.561315098205,0.228314832041577
"593","MT",2019,0.5580540877845,0.248445402292196
"594","MT",2020,0.689796235915,0.235331455428407
"595","NC",1999,-1.092493801055,0.470230728259819
"596","NC",2000,-1.1679588107,0.43767661898307
"597","NC",2001,-1.17075756755,0.448811059123474
"598","NC",2002,-1.1763830997,0.443183436871706
"599","NC",2003,-1.16569857745,0.444770764447739
"600","NC",2004,-1.17084732875,0.431398850219036
"601","NC",2005,-0.6140986542345,0.352797421395031
"602","NC",2006,-0.626659702745,0.3494645652608
"603","NC",2007,0.2183933802599,0.276195339228127
"604","NC",2008,0.37326003087195,0.256778151087629
"605","NC",2009,0.75314042115,0.238469430024276
"606","NC",2010,0.75465688285,0.252732176550238
"607","NC",2011,0.74919912915,0.248585071570074
"608","NC",2012,0.77495481194,0.24571692552587
"609","NC",2013,0.83358363235,0.241423739775522
"610","NC",2014,0.82418855945,0.238669167116088
"611","NC",2015,0.84970774235,0.232276994166747
"612","NC",2016,0.8479629736,0.247837888258631
"613","NC",2017,0.912267,0.245885568077639
"614","NC",2018,1.045043242,0.231157942856109
"615","NC",2019,0.9755036535,0.227434344279888
"616","NC",2020,0.984031444,0.247293273780466
"617","ND",1999,-1.0904402501,0.443554518396592
"618","ND",2000,-1.15908040315,0.459937979421183
"619","ND",2001,-0.99214003625,0.426310418661831
"620","ND",2002,-0.975383201424,0.395285780820761
"621","ND",2003,-0.97240685555,0.389534332325883
"622","ND",2004,-0.98647797775,0.42147432214288
"623","ND",2005,-0.98865791515,0.398270988475926
"624","ND",2006,-0.99677204939,0.407500749160096
"625","ND",2007,-0.697175903705,0.360420088800298
"626","ND",2008,-0.698533571045,0.345569972936386
"627","ND",2009,-0.6940387828,0.328434189290558
"628","ND",2010,-0.6795309541035,0.323516827321629
"629","ND",2011,-0.6985636877145,0.336473201996472
"630","ND",2012,-0.69900070609,0.360731880977072
"631","ND",2013,-0.701937797705,0.366279380981021
"632","ND",2014,-0.689096883022,0.35084155130831
"633","ND",2015,-0.69280021434,0.34332029176031
"634","ND",2016,-0.7018561570545,0.354612659198322
"635","ND",2017,-0.78242286633,0.341694166678536
"636","ND",2018,-0.778933300985,0.344874582896829
"637","ND",2019,-0.74401167688,0.357615030540858
"638","ND",2020,-0.68105629738,0.33835664579597
"639","NE",1999,-1.4329292626,0.514676526981501
"640","NE",2000,-1.50739558,0.491711050788215
"641","NE",2001,-1.5025268366,0.508986984210358
"642","NE",2002,-1.51016558315,0.500177374757608
"643","NE",2003,-1.5121962245,0.509588600252319
"644","NE",2004,-1.51335102425,0.514550796378235
"645","NE",2005,-1.490027757,0.477123746736039
"646","NE",2006,-1.5078850759,0.486982233695633
"647","NE",2007,-1.29407830285,0.462325590174749
"648","NE",2008,-1.28260299215,0.473705089357276
"649","NE",2009,-0.98403501755,0.402467987334085
"650","NE",2010,-0.99955497358,0.402778974923252
"651","NE",2011,-0.9956775692,0.418058154375219
"652","NE",2012,-0.98905840229515,0.402514736859664
"653","NE",2013,-0.995729574555,0.408175471500632
"654","NE",2014,-0.99091677775,0.39540616631153
"655","NE",2015,-0.996202566675,0.396093922613254
"656","NE",2016,-0.738980704705,0.365249578279391
"657","NE",2017,-0.705353738375,0.3486969819427
"658","NE",2018,-0.696708622042,0.342019869702353
"659","NE",2019,-0.66114998148,0.361444625204308
"660","NE",2020,-0.601530697065,0.338784485047733
"661","NH",1999,-0.978901514319,0.43621262496002
"662","NH",2000,-0.413857962527,0.300756544125503
"663","NH",2001,-0.1812556232545,0.270417257640425
"664","NH",2002,-0.201049711038,0.291845029335966
"665","NH",2003,-0.196972720171,0.264961802039474
"666","NH",2004,-0.1978939367505,0.288924967913412
"667","NH",2005,-0.20574020115755,0.273545077818793
"668","NH",2006,-0.08034599934175,0.274433251951228
"669","NH",2007,0.094866541592,0.2603531382098
"670","NH",2008,0.1243651864925,0.251409113813861
"671","NH",2009,0.4690459931035,0.234317815547328
"672","NH",2010,0.7354573537135,0.237673961363813
"673","NH",2011,0.75330177535,0.235070542975378
"674","NH",2012,0.71783095545,0.226725797998718
"675","NH",2013,0.8209687441,0.236432085693317
"676","NH",2014,0.8256497134,0.23395260033569
"677","NH",2015,0.83247002815,0.232171680626921
"678","NH",2016,1.1134764285,0.227352100769509
"679","NH",2017,1.2621792815,0.228599907896102
"680","NH",2018,1.3778936265,0.245111984103317
"681","NH",2019,1.338831993,0.25075718615628
"682","NH",2020,1.388509513,0.244886798117222
"683","NJ",1999,-0.134326984719,0.304566705573284
"684","NJ",2000,-0.2397866091545,0.310054726251294
"685","NJ",2001,-0.19833050458615,0.299310022022396
"686","NJ",2002,-0.0756556149025,0.291774305080611
"687","NJ",2003,-0.0812528145655,0.278230952569612
"688","NJ",2004,0.09938140085525,0.274208367576176
"689","NJ",2005,0.091811836499,0.260334984575916
"690","NJ",2006,0.424824311309,0.251910944087837
"691","NJ",2007,0.8714535569,0.271048725717495
"692","NJ",2008,1.0780772265,0.248569098833503
"693","NJ",2009,1.132806257,0.247505949559682
"694","NJ",2010,1.140049549,0.245183045261712
"695","NJ",2011,1.1534489445,0.249564507644928
"696","NJ",2012,1.1678556635,0.243224349466055
"697","NJ",2013,1.174421449,0.254127564373453
"698","NJ",2014,1.1795222695,0.257487412256986
"699","NJ",2015,1.213474709,0.250989468307913
"700","NJ",2016,1.2295329,0.246374310284465
"701","NJ",2017,1.2453187025,0.247394670470357
"702","NJ",2018,1.672437846,0.28088074902098
"703","NJ",2019,1.7757378045,0.29072723019042
"704","NJ",2020,2.024878975,0.289608932335043
"705","NM",1999,-1.4325947973,0.500977268417109
"706","NM",2000,-1.48589182585,0.502739487355761
"707","NM",2001,-1.5040672903,0.509974818754525
"708","NM",2002,-0.83261466004,0.396004118626976
"709","NM",2003,-0.835285445695,0.402306290566845
"710","NM",2004,-0.67555127195,0.364103946710456
"711","NM",2005,-0.2321261717,0.290117695156528
"712","NM",2006,0.0189847170748,0.280186144611062
"713","NM",2007,0.1832327643715,0.271397449490663
"714","NM",2008,0.458587763071835,0.250828749539535
"715","NM",2009,0.880397440145,0.237873258518265
"716","NM",2010,0.87362905991,0.238576242733054
"717","NM",2011,0.88149331295,0.222949754204025
"718","NM",2012,0.880887014,0.235735916126435
"719","NM",2013,0.84248663785,0.22427335745176
"720","NM",2014,0.840708899,0.221001483451509
"721","NM",2015,0.90253170765,0.241587138852288
"722","NM",2016,0.907267454,0.227124225103584
"723","NM",2017,0.983350992,0.223660196601876
"724","NM",2018,0.9809311965,0.219435003906064
"725","NM",2019,1.141845128,0.236422959110574
"726","NM",2020,1.1491521205,0.239079320089384
"727","NV",1999,-0.3582121938429,0.327633874005137
"728","NV",2000,-0.4377999612675,0.319498781908571
"729","NV",2001,-0.45817843188,0.354820405379572
"730","NV",2002,-0.4395112379565,0.343297730450796
"731","NV",2003,-0.402980985675,0.325831602457019
"732","NV",2004,-0.378021349959,0.326489550813551
"733","NV",2005,-0.0461353761415,0.287184088325554
"734","NV",2006,-0.0631446375725,0.283006944236715
"735","NV",2007,0.139907324183,0.262609224534986
"736","NV",2008,0.2988992153595,0.262810749473445
"737","NV",2009,0.611712133245,0.248560113059673
"738","NV",2010,0.7945860464,0.237579914127863
"739","NV",2011,0.8139914759,0.224122742985512
"740","NV",2012,0.8165505937,0.243457727280933
"741","NV",2013,0.8798897845,0.231468189116921
"742","NV",2014,0.8770208555,0.235640762516727
"743","NV",2015,0.9703627055,0.235013845809916
"744","NV",2016,0.9738445725,0.233482638984258
"745","NV",2017,1.074903216,0.228728515530744
"746","NV",2018,1.0771397105,0.231108470078712
"747","NV",2019,1.330850805,0.251849281217932
"748","NV",2020,1.357178439,0.25520041183322
"749","NY",1999,-0.400256899468,0.345546739583262
"750","NY",2000,-0.4756934046629,0.33579600236558
"751","NY",2001,-0.322002661301,0.298564823248178
"752","NY",2002,-0.1032038805112,0.282085494528043
"753","NY",2003,-0.114297310739005,0.303172326623323
"754","NY",2004,0.28742207449745,0.252659657029246
"755","NY",2005,0.428629086123,0.25358146547229
"756","NY",2006,0.520530992965,0.242217472933022
"757","NY",2007,0.87593249565,0.252227502972472
"758","NY",2008,1.0254819,0.247630460932374
"759","NY",2009,1.4076325955,0.255428832424979
"760","NY",2010,1.59391888,0.257699858216797
"761","NY",2011,1.789457638,0.288364008211031
"762","NY",2012,1.80351493,0.284450261085327
"763","NY",2013,1.810343416,0.270124702121902
"764","NY",2014,1.8097641455,0.273604594378343
"765","NY",2015,1.98403458,0.299506027359611
"766","NY",2016,1.98231083,0.277133631912079
"767","NY",2017,2.196614515,0.299204703515616
"768","NY",2018,2.201378045,0.281680184431349
"769","NY",2019,2.63204705,0.309570190992726
"770","NY",2020,2.648245645,0.324158514158945
"771","OH",1999,-0.627190090365,0.358751273671756
"772","OH",2000,-0.7075661588335,0.36574247688479
"773","OH",2001,-0.70693895883,0.374027678277836
"774","OH",2002,-0.71130934449,0.349978786268616
"775","OH",2003,-0.703900702785,0.353840559830929
"776","OH",2004,-0.7149203658385,0.367662200381742
"777","OH",2005,-0.71721435138,0.367789288895744
"778","OH",2006,-0.7226830861651,0.35498815048207
"779","OH",2007,-0.3168553556005,0.30141854038067
"780","OH",2008,0.41120723476,0.250295362712121
"781","OH",2009,0.4137486309695,0.251469299622266
"782","OH",2010,0.574682312305,0.234973270703754
"783","OH",2011,0.57559917172,0.251228928356969
"784","OH",2012,0.5865447933005,0.240827477855867
"785","OH",2013,0.58726094365,0.237944630391424
"786","OH",2014,0.597324911255,0.239200163065263
"787","OH",2015,0.59670056502,0.240661023878104
"788","OH",2016,0.588066590635,0.242968912006447
"789","OH",2017,0.579527604666,0.231171866888321
"790","OH",2018,0.581817073185,0.240207634874611
"791","OH",2019,0.5799169045055,0.245466115324542
"792","OH",2020,0.591448726432,0.245895012763356
"793","OK",1999,-1.096893934,0.448929417572053
"794","OK",2000,-1.1437996372,0.432752561777049
"795","OK",2001,-1.15714387664,0.448694232545996
"796","OK",2002,-1.14946529175,0.452976679303561
"797","OK",2003,-1.14310123745,0.43240909060967
"798","OK",2004,-1.1457477853,0.432964174307246
"799","OK",2005,-1.14202782955,0.413345486352215
"800","OK",2006,-1.15192658737,0.439459745706887
"801","OK",2007,-1.15430620535,0.449276314581491
"802","OK",2008,-0.5540736271975,0.339325519480415
"803","OK",2009,-0.19116634871455,0.2933097414215
"804","OK",2010,0.061009996264,0.245559319564398
"805","OK",2011,0.05881678067465,0.243199215587168
"806","OK",2012,0.1515691862074,0.237861533364052
"807","OK",2013,0.1474507940478,0.235363144279232
"808","OK",2014,0.1509208310518,0.241718514589516
"809","OK",2015,0.149914650495,0.243788002695437
"810","OK",2016,0.1531662412425,0.244915917751048
"811","OK",2017,0.209208086102,0.235918256393533
"812","OK",2018,0.2112789349975,0.241995142038193
"813","OK",2019,0.1597889867625,0.240469772665864
"814","OK",2020,0.1229156614855,0.253135667755794
"815","OR",1999,-0.2344079074555,0.310228354732436
"816","OR",2000,-0.1786664311931,0.303033675400716
"817","OR",2001,-0.176380883347,0.301828397697169
"818","OR",2002,-0.17217025098355,0.289122360288888
"819","OR",2003,0.01379991279575,0.273391786320647
"820","OR",2004,0.2030143385015,0.285358240930137
"821","OR",2005,0.201049982471,0.273224447045935
"822","OR",2006,0.339169808814,0.268696807658402
"823","OR",2007,0.835591352115,0.262153192765725
"824","OR",2008,1.0249483185,0.26068994922933
"825","OR",2009,1.271934116,0.250058123129392
"826","OR",2010,1.3999272625,0.256525613617626
"827","OR",2011,1.4355278575,0.245954168031217
"828","OR",2012,1.460155869,0.261305778911757
"829","OR",2013,1.479970598,0.245291967453461
"830","OR",2014,1.621283535,0.258298523723946
"831","OR",2015,1.7128438115,0.27100112883236
"832","OR",2016,1.8501454525,0.270849352265321
"833","OR",2017,1.87342645,0.289157256817432
"834","OR",2018,1.886878405,0.284050067465966
"835","OR",2019,1.86608215,0.29010150306232
"836","OR",2020,1.88190221,0.294551349674301
"837","PA",1999,-0.844264411975,0.407814299353318
"838","PA",2000,-0.91243692585,0.387592410487599
"839","PA",2001,-0.91661783509,0.403129831301726
"840","PA",2002,-0.914652565955,0.397815042879949
"841","PA",2003,-0.94627129814,0.40327236538573
"842","PA",2004,-0.26492699445205,0.311778600386906
"843","PA",2005,-0.2596647638705,0.284997663922417
"844","PA",2006,-0.08146294552595,0.279267205263907
"845","PA",2007,0.19857763716,0.269363035132158
"846","PA",2008,0.53358895326,0.23919894592229
"847","PA",2009,0.52834297666,0.246204024128839
"848","PA",2010,0.53057116395,0.24364870236809
"849","PA",2011,0.715976355175,0.238165783248965
"850","PA",2012,0.71889583869,0.247847217723924
"851","PA",2013,0.722675787855,0.24218692411925
"852","PA",2014,0.723291767,0.234082723277712
"853","PA",2015,0.720410498,0.236124899265549
"854","PA",2016,0.74513133035,0.240935490468501
"855","PA",2017,0.775742316465,0.233184471197793
"856","PA",2018,1.176648736,0.247734289782713
"857","PA",2019,1.323609732,0.250651349907022
"858","PA",2020,1.427848676,0.257392935328794
"859","RI",1999,-0.788931562455,0.364541215401691
"860","RI",2000,-0.8663009041,0.366790148392478
"861","RI",2001,-0.48309317595431,0.33561856417365
"862","RI",2002,-0.23810703795645,0.310245879826613
"863","RI",2003,-0.2346791829755,0.302401685854066
"864","RI",2004,0.0868477054495,0.259199257940397
"865","RI",2005,0.341196627905,0.250081128651075
"866","RI",2006,0.592891681408,0.25123238059867
"867","RI",2007,0.7572084229,0.244581951553378
"868","RI",2008,0.7442159189,0.244951948781146
"869","RI",2009,1.1389098885,0.238224242401688
"870","RI",2010,1.4276616025,0.262163611810549
"871","RI",2011,1.4699930125,0.259538337307367
"872","RI",2012,1.5220177655,0.266278876498778
"873","RI",2013,1.5599915535,0.248938190913395
"874","RI",2014,1.780602535,0.27911101891732
"875","RI",2015,1.9628929635,0.289788036379065
"876","RI",2016,2.106471505,0.305132931194643
"877","RI",2017,2.1646682735,0.288062328409405
"878","RI",2018,2.179497165,0.286967756090699
"879","RI",2019,2.188318865,0.308185910696348
"880","RI",2020,2.213208835,0.303794860612322
"881","SC",1999,-1.4515859419,0.537789429708411
"882","SC",2000,-1.481249011,0.518324063525335
"883","SC",2001,-1.4814046665,0.488123428768167
"884","SC",2002,-1.4949909245,0.495015705092424
"885","SC",2003,-1.4804971435,0.492324741157692
"886","SC",2004,-1.4840929465,0.501161908146481
"887","SC",2005,-1.4827698185,0.480025732535473
"888","SC",2006,-1.274083612,0.453216728357673
"889","SC",2007,-0.685792720794,0.36636165832025
"890","SC",2008,-0.1988506917197,0.288144364838887
"891","SC",2009,-0.19569721158215,0.299298378368425
"892","SC",2010,-0.0800971691955,0.263956268258932
"893","SC",2011,-0.08500091359,0.274763411347452
"894","SC",2012,-0.0896450212035,0.269179448115446
"895","SC",2013,-0.08640641489575,0.269128606916719
"896","SC",2014,0.1134653435117,0.232525336141142
"897","SC",2015,0.1044307160785,0.245575233147894
"898","SC",2016,0.11506878451195,0.252888110650623
"899","SC",2017,0.1126007286005,0.240100154776682
"900","SC",2018,0.112060454374,0.23408792850852
"901","SC",2019,0.157519603092,0.242164731821608
"902","SC",2020,0.255286923563,0.232505220174228
"903","SD",1999,-1.1040022603,0.448912030607537
"904","SD",2000,-1.163502754515,0.448881209142343
"905","SD",2001,-1.1546470925,0.426312500016615
"906","SD",2002,-1.172018022125,0.459796382752186
"907","SD",2003,-1.1508028874,0.417909256866393
"908","SD",2004,-1.16058738695,0.436406754100607
"909","SD",2005,-1.164952167,0.438233325120236
"910","SD",2006,-1.1670957002,0.460192498520999
"911","SD",2007,-1.16408814255,0.426625599150189
"912","SD",2008,-0.1531371945774,0.262384934051371
"913","SD",2009,-0.1246935205924,0.266843835159475
"914","SD",2010,-0.08800974827139,0.265137406800928
"915","SD",2011,-0.084956845091,0.26629978831292
"916","SD",2012,-0.089829298592,0.26690482787717
"917","SD",2013,-0.0816942766664,0.267535550155638
"918","SD",2014,-0.0845371232288,0.268579818528107
"919","SD",2015,-0.08513004333175,0.261444466044618
"920","SD",2016,-0.0853283650438,0.255771418375114
"921","SD",2017,-0.16754902928115,0.268268600393307
"922","SD",2018,-0.1598988708864,0.261193352153454
"923","SD",2019,-0.107026240291,0.27738946394307
"924","SD",2020,-0.08644382980125,0.257404272550178
"925","TN",1999,-1.4496056425,0.522835061169693
"926","TN",2000,-1.5031712365,0.496389402993322
"927","TN",2001,-1.500648257,0.493448781736993
"928","TN",2002,-1.49210833,0.48748064389523
"929","TN",2003,-1.497836835,0.478258237822105
"930","TN",2004,-1.4852644445,0.487212041411252
"931","TN",2005,-1.4918986349,0.51741371186837
"932","TN",2006,-1.5006927725,0.485335514695775
"933","TN",2007,-1.06284228205,0.431488035499367
"934","TN",2008,-0.8171348535,0.372972259428426
"935","TN",2009,-0.8239104383105,0.378439655805075
"936","TN",2010,-0.4754891277095,0.314565309127616
"937","TN",2011,-0.476223223369,0.324159002465509
"938","TN",2012,-0.4738511710145,0.31423457640085
"939","TN",2013,-0.4818964697091,0.309533787102593
"940","TN",2014,-0.4787420697025,0.340914021427258
"941","TN",2015,-0.3489519566652,0.30766555324495
"942","TN",2016,-0.34190099058635,0.309926658094087
"943","TN",2017,-0.31341238889625,0.291915068584372
"944","TN",2018,-0.3150937700805,0.284982704781978
"945","TN",2019,-0.461388657535,0.322683498255919
"946","TN",2020,-0.497036137555,0.303565833723004
"947","TX",1999,-0.4297332108715,0.356773906711636
"948","TX",2000,-0.2536352114355,0.307288969842014
"949","TX",2001,-0.12547143184605,0.27253482193806
"950","TX",2002,-0.1328751100195,0.292252709174091
"951","TX",2003,-0.1330964793415,0.294657187299137
"952","TX",2004,-0.026246320753,0.281242794437515
"953","TX",2005,-0.03566474139255,0.276812907961794
"954","TX",2006,-0.036401130899,0.283128030929505
"955","TX",2007,0.11401258520575,0.254654110088241
"956","TX",2008,0.1097901130785,0.24920407819984
"957","TX",2009,0.2167070731091,0.243168173731396
"958","TX",2010,0.212883117767,0.237957413353606
"959","TX",2011,0.2770555349305,0.247114824537038
"960","TX",2012,0.2821104986515,0.22647274865837
"961","TX",2013,0.382607198689,0.228126344209913
"962","TX",2014,0.3787595897305,0.236825887592749
"963","TX",2015,0.3893278843465,0.227886579875593
"964","TX",2016,0.386811769981,0.228007839049839
"965","TX",2017,0.433154930056,0.226528478071729
"966","TX",2018,0.441182478245,0.233711436629773
"967","TX",2019,0.4244388091,0.243537260909274
"968","TX",2020,0.417876622475,0.247134549842177
"969","UT",1999,-1.4683504336,0.51011935135057
"970","UT",2000,-1.511194096,0.494606548167941
"971","UT",2001,-1.2910993537,0.453067682616917
"972","UT",2002,-1.00169309085,0.407391606518043
"973","UT",2003,-0.9876762295,0.384137383635857
"974","UT",2004,-0.987929614655,0.394469150344822
"975","UT",2005,-0.99922785281,0.414890615478501
"976","UT",2006,-0.750164069594,0.384799940702418
"977","UT",2007,-0.497764186608975,0.320830634822595
"978","UT",2008,-0.1640450555785,0.278947791003061
"979","UT",2009,-0.160811249577,0.274263223784156
"980","UT",2010,-0.038177200018,0.263725091491066
"981","UT",2011,-0.0354321653225,0.261381210404667
"982","UT",2012,-0.037592390704,0.258573573228874
"983","UT",2013,0.1530596195295,0.241444891203883
"984","UT",2014,0.157761055313,0.243222979758301
"985","UT",2015,0.2084592810315,0.231633901270513
"986","UT",2016,0.2809550782805,0.230576444242247
"987","UT",2017,0.2705437148645,0.232004385178596
"988","UT",2018,0.27229460410895,0.23028718156827
"989","UT",2019,0.2309008347285,0.24629065916841
"990","UT",2020,0.2544199411285,0.231020005419083
"991","VA",1999,-0.6868150654,0.35876159126866
"992","VA",2000,-0.7528236748805,0.381398093063885
"993","VA",2001,-0.442595643635015,0.336118166185394
"994","VA",2002,-0.4554266067315,0.327978483325356
"995","VA",2003,-0.4482452238915,0.321326344496562
"996","VA",2004,-0.318769920194621,0.300636843948628
"997","VA",2005,-0.3217029181755,0.30840760165815
"998","VA",2006,-0.327472397254,0.314375409853126
"999","VA",2007,0.031177890364,0.254893650969459
"1000","VA",2008,0.3314308076995,0.240051029440618
"1001","VA",2009,0.5163895754785,0.230087948474064
"1002","VA",2010,0.5167544801,0.242814103592854
"1003","VA",2011,0.520508824281,0.22322939001575
"1004","VA",2012,0.5223379175415,0.247424770176382
"1005","VA",2013,0.522142774765,0.239841062537897
"1006","VA",2014,0.526684534025,0.233343405648879
"1007","VA",2015,0.52251901039,0.236925562401058
"1008","VA",2016,0.519189279665,0.23142210418104
"1009","VA",2017,0.58641074312,0.222692381034285
"1010","VA",2018,0.72781804305,0.231894101680247
"1011","VA",2019,0.72446966465,0.241961329165783
"1012","VA",2020,1.028159992,0.264256638811268
"1013","VT",1999,-0.675568241849,0.370092370532835
"1014","VT",2000,0.09382030137425,0.253879203390422
"1015","VT",2001,0.2312070679632,0.241031838056985
"1016","VT",2002,0.22639622214075,0.237836608307236
"1017","VT",2003,0.22204156460645,0.24016665227307
"1018","VT",2004,0.21828582538725,0.254057393287225
"1019","VT",2005,0.434369004085,0.235436698944255
"1020","VT",2006,0.69529779616,0.241578210852768
"1021","VT",2007,0.834733301875,0.233814125588966
"1022","VT",2008,0.9974247505,0.237255834967963
"1023","VT",2009,1.2870280165,0.235664840574312
"1024","VT",2010,1.2935970425,0.254432922012299
"1025","VT",2011,1.36974806,0.242616857608692
"1026","VT",2012,1.483055372,0.267971084015016
"1027","VT",2013,1.6147810125,0.278687307087462
"1028","VT",2014,1.621117134,0.267648824012835
"1029","VT",2015,1.8087716255,0.284839988919502
"1030","VT",2016,1.821859949,0.281307909443046
"1031","VT",2017,2.25834166,0.294540464044797
"1032","VT",2018,2.277378835,0.307763375124668
"1033","VT",2019,2.28232794,0.325348238915841
"1034","VT",2020,2.30630506,0.330575595450194
"1035","WA",1999,-0.972036472085,0.426298157262758
"1036","WA",2000,-0.8026152644,0.377741326276127
"1037","WA",2001,-0.6671842419125,0.367488994105061
"1038","WA",2002,-0.67002983394,0.361012743304979
"1039","WA",2003,-0.66234245033,0.349968676437768
"1040","WA",2004,-0.518664213375,0.346931927964677
"1041","WA",2005,-0.152715650813,0.291618656843969
"1042","WA",2006,0.4908658917735,0.248507118469659
"1043","WA",2007,1.0387661015,0.247974704947753
"1044","WA",2008,1.197169709,0.249008593259387
"1045","WA",2009,1.359947441,0.255445215598121
"1046","WA",2010,1.423448387,0.258207789095839
"1047","WA",2011,1.518294595,0.259709720644707
"1048","WA",2012,1.54893939,0.263016190374892
"1049","WA",2013,1.724879825,0.269524981744811
"1050","WA",2014,1.7226190185,0.267581382903762
"1051","WA",2015,1.723726066,0.270382623137523
"1052","WA",2016,1.9066160805,0.284424318847816
"1053","WA",2017,1.8117258875,0.270766047151494
"1054","WA",2018,1.818249185,0.270405147273904
"1055","WA",2019,1.96480559,0.292753977968464
"1056","WA",2020,2.201217995,0.306150719473836
"1057","WI",1999,-0.2545564658435,0.330626445102631
"1058","WI",2000,-0.3651742142375,0.310574945408326
"1059","WI",2001,-0.364778529922,0.31014632390641
"1060","WI",2002,-0.36694027983,0.308031849164834
"1061","WI",2003,-0.368692490989,0.318988694024437
"1062","WI",2004,-0.371388195544,0.331292972216806
"1063","WI",2005,-0.373451052794,0.325188439609076
"1064","WI",2006,0.085543773916,0.274475568370396
"1065","WI",2007,0.3095775988465,0.269989196542754
"1066","WI",2008,0.4595204523175,0.262764149491613
"1067","WI",2009,0.8925510215,0.245609158759681
"1068","WI",2010,1.1237488715,0.25346477895269
"1069","WI",2011,1.1241437255,0.24177759592188
"1070","WI",2012,1.1221982185,0.257118084568824
"1071","WI",2013,1.1197386835,0.240894566099143
"1072","WI",2014,1.130863247,0.240962426891341
"1073","WI",2015,1.136743088,0.246374030225442
"1074","WI",2016,1.1350652335,0.250138313109149
"1075","WI",2017,1.2203706625,0.237960713959182
"1076","WI",2018,1.209069713,0.238391124904954
"1077","WI",2019,1.1484692785,0.259325359216048
"1078","WI",2020,1.154729673,0.250831884527809
"1079","WV",1999,-1.4633635473,0.520468238717305
"1080","WV",2000,-1.5148158865,0.507996145181365
"1081","WV",2001,-1.4943856559,0.499045130584681
"1082","WV",2002,-1.51982326,0.510415056176688
"1083","WV",2003,-1.5274768061,0.49171291549267
"1084","WV",2004,-1.52171847115,0.492863276018972
"1085","WV",2005,-1.513174095,0.510310726519516
"1086","WV",2006,-1.1649456163,0.434824875156023
"1087","WV",2007,-0.839661666705,0.397613281712348
"1088","WV",2008,-0.825243299305,0.361232886019021
"1089","WV",2009,-0.52342468070105,0.345521169821337
"1090","WV",2010,-0.511505944696,0.3476374410852
"1091","WV",2011,-0.51050136554,0.327361962766632
"1092","WV",2012,-0.346740076976,0.298976875395978
"1093","WV",2013,-0.231779282717,0.294342109758896
"1094","WV",2014,-0.232144576121,0.299008837707049
"1095","WV",2015,-0.475884432479,0.324718640330826
"1096","WV",2016,-0.480876053335,0.338474014342584
"1097","WV",2017,-0.56669843719,0.327039798214808
"1098","WV",2018,-0.572164895608,0.327987901774821
"1099","WV",2019,-0.770195944525,0.372640934896317
"1100","WV",2020,-0.7175395579415,0.359243285615371
"1101","WY",1999,-1.4062513495,0.503042958862498
"1102","WY",2000,-1.47537820355,0.499407030759716
"1103","WY",2001,-1.13911166175,0.438388295115664
"1104","WY",2002,-1.1344257648,0.421255773187616
"1105","WY",2003,-1.14306468985,0.43458633214081
"1106","WY",2004,-1.151728578185,0.441211455594682
"1107","WY",2005,-1.13598182675,0.432695160307833
"1108","WY",2006,-1.135694248735,0.455626742798533
"1109","WY",2007,-0.79455228055,0.372305226130752
"1110","WY",2008,-0.7984355189915,0.364092005190217
"1111","WY",2009,-0.80116505159,0.366164496651137
"1112","WY",2010,-0.80097519866,0.372982106574559
"1113","WY",2011,-0.80259412295,0.369533501889537
"1114","WY",2012,-0.5418363752215,0.333356228894781
"1115","WY",2013,-0.55125378482,0.357562245053937
"1116","WY",2014,-0.547722830135,0.326540383195839
"1117","WY",2015,-0.5486377289105,0.328820177097689
"1118","WY",2016,-0.4479292383375,0.328222199147791
"1119","WY",2017,-0.528083231199,0.324587851077961
"1120","WY",2018,-0.5310378722015,0.330079628169813
"1121","WY",2019,-0.73685424775,0.388130562798998
"1122","WY",2020,-0.67689114344,0.355920596662616
