"Total energy consumption, billion Btu",,,,,,,,,,,,,,,,,,,,,,,,,,,,,,,,,,,,,,,,,,,,,,,,,,,,,,,,,,,,,,,,,,,,,,,,,,,,,,,,,,,,,,,,,,,,,,,,,,,,
,,,,,,,,,,,,,,,,,,,,,,,,,,,,,,,,,,,,,,,,,,,,,,,,,,,,,,,,,,,,,,,,,,,,,,,,,,,,,,,,,,,,,,,,,,,,,,,,,,,,
State,1960,1961,1962,1963,1964,1965,1966,1967,1968,1969,1970,1971,1972,1973,1974,1975,1976,1977,1978,1979,1980,1981,1982,1983,1984,1985,1986,1987,1988,1989,1990,1991,1992,1993,1994,1995,1996,1997,1998,1999,2000,2001,2002,2003,2004,2005,2006,2007,2008,2009,2010,2011,2012,2013,2014,2015,2016,2017,2018,2019,2020,2021,,,,,,,,,,,,,,,,,,,,,,,,,,,,,,,,,,,,,,
AK,"61,433","72,173","78,812","80,788","85,067","87,782","102,696","115,172","122,533","156,631","182,039","200,962","214,377","196,965","201,488","232,172","254,649","293,489","324,010","299,774","295,745","279,661","409,057","437,627","482,889","474,429","504,252","499,211","521,398","576,192","584,082","602,660","627,237","623,613","623,042","704,062","718,749","708,741","723,206","725,331","742,061","735,745","732,909","733,471","775,019","797,723","746,457","723,227","650,500","639,276","639,133","640,854","630,647","597,148","596,361","613,106","593,587","601,178","604,191","605,430","639,944","684,202",,,,,,,,,,,,,,,,,,,,,,,,,,,,,,,,,,,,,,
AL,"866,594","831,311","881,239","913,155","979,212","1,044,616","1,088,204","1,138,573","1,246,669","1,343,138","1,393,497","1,384,940","1,478,039","1,527,209","1,547,657","1,515,130","1,551,806","1,623,443","1,638,359","1,648,767","1,644,874","1,604,035","1,499,050","1,445,946","1,544,598","1,519,675","1,504,733","1,582,639","1,651,726","1,683,173","1,659,374","1,675,029","1,742,421","1,789,235","1,879,952","1,955,073","1,984,926","1,956,297","1,997,696","2,040,647","2,093,922","1,898,857","1,960,152","1,952,741","2,065,880","2,065,572","2,083,658","2,086,092","2,002,980","1,799,636","1,941,909","1,916,810","1,891,076","1,932,020","1,967,057","1,916,945","1,923,027","1,903,905","1,957,431","1,927,044","1,841,408","1,965,183",,,,,,,,,,,,,,,,,,,,,,,,,,,,,,,,,,,,,,
AR,"425,974","431,586","456,788","484,672","527,123","528,740","566,110","596,737","635,396","681,052","708,904","700,736","744,634","820,083","798,333","785,659","840,830","886,292","887,040","872,687","859,238","821,800","792,462","796,587","799,005","789,513","759,564","736,170","817,720","882,855","849,198","837,103","865,939","939,962","971,500","1,023,242","1,042,511","1,061,415","1,081,796","1,100,812","1,141,593","1,096,056","1,118,366","1,100,644","1,091,797","1,116,515","1,113,117","1,128,983","1,110,210","1,041,215","1,129,013","1,131,010","1,075,516","1,106,666","1,121,760","1,062,465","1,054,169","1,057,611","1,117,595","1,097,181","1,035,335","1,079,088",,,,,,,,,,,,,,,,,,,,,,,,,,,,,,,,,,,,,,
AZ,"282,993","304,835","324,913","348,302","369,663","375,200","403,460","414,501","456,156","498,192","520,401","554,212","616,452","670,117","676,309","660,004","691,884","738,889","747,985","786,479","754,491","787,920","746,494","758,000","802,626","843,102","852,973","865,824","906,415","943,115","950,195","955,235","985,332","1,000,842","1,056,612","1,095,057","1,163,696","1,187,416","1,240,977","1,285,003","1,332,442","1,341,725","1,334,302","1,354,530","1,404,378","1,443,201","1,491,841","1,498,158","1,465,548","1,379,229","1,434,250","1,475,386","1,442,764","1,460,855","1,471,831","1,492,117","1,522,012","1,528,744","1,539,983","1,554,490","1,505,793","1,563,100",,,,,,,,,,,,,,,,,,,,,,,,,,,,,,,,,,,,,,
CA,"3,449,919","3,609,108","3,724,117","3,923,736","4,219,633","4,385,719","4,645,217","4,841,003","5,115,122","5,356,783","5,499,139","5,747,656","5,872,011","6,047,069","5,816,324","6,032,845","6,186,312","6,361,466","6,472,696","6,727,621","6,540,472","6,332,205","6,076,050","6,092,316","6,533,180","6,601,489","6,501,121","6,938,475","7,143,783","7,420,313","7,439,330","7,326,333","7,307,625","7,138,289","7,272,978","7,295,566","7,405,310","7,528,200","7,806,315","7,801,794","7,893,162","7,918,465","7,963,161","7,848,348","8,216,594","8,151,473","8,246,625","8,260,399","8,074,758","7,769,975","7,647,617","7,651,423","7,447,693","7,562,889","7,477,126","7,573,842","7,703,773","7,828,256","7,925,755","7,898,681","7,052,622","7,387,887",,,,,,,,,,,,,,,,,,,,,,,,,,,,,,,,,,,,,,
CO,"424,556","461,749","468,348","465,929","498,054","508,687","531,922","555,487","622,770","648,877","677,623","691,909","756,325","801,930","787,106","784,438","818,799","835,096","850,246","856,031","838,088","816,311","833,092","831,430","867,717","869,749","859,444","866,162","899,364","915,127","944,299","994,850","995,693","1,062,928","1,065,404","1,091,927","1,142,176","1,138,201","1,184,705","1,206,091","1,268,642","1,369,867","1,370,535","1,372,163","1,399,562","1,435,703","1,451,336","1,483,847","1,487,439","1,464,621","1,516,415","1,477,060","1,444,707","1,475,531","1,491,729","1,498,481","1,467,501","1,474,403","1,524,948","1,565,544","1,449,530","1,509,199",,,,,,,,,,,,,,,,,,,,,,,,,,,,,,,,,,,,,,
CT,"507,999","518,130","536,644","545,224","563,507","569,505","609,289","624,114","648,770","667,657","693,930","682,588","717,611","743,064","714,126","689,513","742,109","748,110","768,737","755,692","728,226","695,795","696,739","688,418","715,073","723,070","739,744","763,522","795,471","811,311","775,895","776,710","810,197","795,996","800,069","782,296","820,990","811,129","791,157","834,267","844,550","829,135","815,224","894,333","907,099","875,719","819,793","842,119","774,587","766,180","769,660","743,143","727,831","747,138","751,780","757,067","725,275","729,190","756,243","735,382","666,750","704,399",,,,,,,,,,,,,,,,,,,,,,,,,,,,,,,,,,,,,,
DC,"119,871","118,175","120,458","121,016","132,268","159,170","169,525","182,216","181,890","195,629","205,891","199,397","188,830","193,442","171,284","163,161","164,436","163,353","160,278","152,431","153,262","149,271","163,811","162,575","167,024","165,934","174,696","174,233","174,976","180,533","185,266","191,358","191,482","198,476","193,593","196,284","193,511","191,092","186,974","191,690","198,047","193,476","197,752","193,758","201,417","200,934","186,420","194,924","184,103","186,471","190,361","183,601","172,731","174,777","179,243","178,272","174,577","166,918","174,651","167,469","143,900","150,676",,,,,,,,,,,,,,,,,,,,,,,,,,,,,,,,,,,,,,
DE,"156,406","150,335","161,918","172,781","173,156","184,269","192,519","187,575","206,901","219,454","219,722","222,353","232,526","246,392","228,887","218,797","229,178","227,666","226,261","244,675","242,340","195,218","186,552","197,917","220,487","214,953","217,072","227,480","234,133","241,618","251,796","255,250","261,314","266,225","261,444","262,936","273,242","274,786","272,891","286,222","305,695","292,031","308,593","303,732","289,192","299,825","287,815","293,722","291,503","259,382","266,328","285,552","283,401","280,780","280,880","284,612","280,875","280,001","300,475","298,525","277,060","295,468",,,,,,,,,,,,,,,,,,,,,,,,,,,,,,,,,,,,,,
FL,"809,559","848,703","949,391","994,376","1,049,548","1,111,530","1,180,231","1,223,737","1,349,462","1,453,793","1,577,450","1,674,133","1,804,005","1,995,319","1,929,045","1,939,837","2,062,020","2,217,477","2,327,321","2,422,499","2,511,917","2,482,043","2,402,137","2,457,345","2,551,259","2,698,976","2,781,956","2,870,556","3,042,056","3,248,530","3,289,151","3,249,677","3,316,472","3,346,956","3,467,465","3,615,069","3,700,617","3,726,429","3,859,240","3,922,071","4,076,022","4,060,590","4,177,962","4,195,567","4,347,431","4,419,873","4,472,498","4,417,303","4,264,864","4,113,233","4,317,742","4,168,074","4,066,543","4,125,461","4,168,646","4,320,466","4,358,034","4,342,064","4,435,866","4,367,378","3,998,608","4,313,202",,,,,,,,,,,,,,,,,,,,,,,,,,,,,,,,,,,,,,
GA,"701,005","705,734","764,902","802,968","857,040","917,174","997,589","1,062,811","1,154,038","1,228,189","1,280,820","1,348,865","1,435,584","1,555,110","1,495,568","1,489,772","1,552,529","1,628,701","1,683,045","1,729,590","1,717,236","1,694,324","1,679,709","1,749,228","1,875,179","1,931,023","1,953,662","2,049,053","2,138,263","2,219,567","2,216,211","2,205,008","2,250,675","2,403,877","2,423,951","2,607,462","2,767,321","2,744,916","2,783,049","2,803,980","2,920,928","2,818,753","2,936,048","2,956,845","3,097,207","3,110,770","3,087,831","3,078,378","2,946,557","2,912,076","3,146,322","3,031,813","2,844,901","2,904,119","2,974,195","2,974,892","2,948,596","2,922,964","3,000,415","2,952,547","2,723,253","2,833,492",,,,,,,,,,,,,,,,,,,,,,,,,,,,,,,,,,,,,,
HI,"94,839","113,754","108,286","114,265","123,433","130,560","145,474","163,865","182,799","190,862","196,947","211,673","218,057","224,312","212,103","214,378","220,042","233,334","236,970","256,604","262,347","236,718","218,095","221,150","232,426","248,554","245,329","249,461","289,691","309,767","321,419","295,150","306,030","282,651","299,033","296,774","283,060","273,483","273,387","269,351","273,306","270,121","284,661","300,913","314,718","324,734","327,282","337,816","276,626","275,893","297,486","302,659","297,213","301,838","295,573","299,448","301,031","309,320","307,152","308,584","232,804","270,780",,,,,,,,,,,,,,,,,,,,,,,,,,,,,,,,,,,,,,
IA,"601,996","600,070","626,526","644,262","669,473","696,730","698,683","747,574","781,902","821,912","850,609","862,483","904,471","962,796","949,663","942,050","979,112","979,937","962,094","1,038,993","983,303","968,673","969,163","953,081","936,823","897,903","901,984","906,929","978,710","940,800","949,263","985,355","976,971","1,039,917","1,071,231","1,109,452","1,152,715","1,139,792","1,148,872","1,199,639","1,196,131","1,167,631","1,197,176","1,192,800","1,247,169","1,278,342","1,303,065","1,378,607","1,441,784","1,448,135","1,497,850","1,507,106","1,440,217","1,522,276","1,541,273","1,508,895","1,535,860","1,575,270","1,637,146","1,641,392","1,530,614","1,567,276",,,,,,,,,,,,,,,,,,,,,,,,,,,,,,,,,,,,,,
ID,"190,661","202,853","211,160","213,298","230,412","234,742","245,066","266,750","287,248","286,782","296,399","311,605","334,033","337,008","347,813","358,858","362,198","366,421","369,908","384,011","347,655","361,884","350,310","345,649","346,809","354,814","342,134","345,498","365,706","399,732","409,001","417,097","422,133","437,169","452,508","466,129","501,272","504,020","507,513","533,204","544,380","503,420","498,672","471,950","503,534","514,313","526,508","541,391","537,298","502,202","522,845","520,475","513,454","529,112","523,880","538,562","538,232","555,116","554,689","564,752","548,784","572,997",,,,,,,,,,,,,,,,,,,,,,,,,,,,,,,,,,,,,,
IL,"2,523,973","2,558,990","2,656,186","2,719,427","2,849,301","3,026,466","3,185,513","3,315,076","3,450,826","3,634,712","3,696,737","3,722,756","3,929,667","4,019,481","3,956,458","3,860,591","4,019,369","4,099,481","4,199,421","4,049,381","3,768,260","3,547,208","3,394,044","3,472,747","3,502,000","3,434,273","3,416,921","3,472,023","3,702,319","3,619,228","3,612,494","3,678,495","3,650,581","3,753,510","3,773,746","3,886,599","3,970,151","3,944,363","3,856,606","4,024,011","4,029,158","3,905,500","3,920,038","3,945,573","3,993,439","4,140,654","3,991,819","4,081,331","4,083,959","3,864,048","3,985,415","3,981,074","3,856,195","4,019,265","4,098,655","3,934,336","3,936,035","3,901,837","4,031,312","3,965,739","3,630,723","3,723,620",,,,,,,,,,,,,,,,,,,,,,,,,,,,,,,,,,,,,,
IN,"1,530,437","1,551,091","1,580,987","1,635,028","1,714,801","1,798,393","1,919,366","1,952,042","2,043,409","2,157,093","2,219,775","2,236,217","2,435,885","2,474,472","2,432,022","2,377,767","2,410,240","2,485,596","2,535,537","2,585,762","2,400,197","2,359,274","2,177,454","2,197,757","2,271,002","2,301,292","2,262,531","2,380,691","2,484,357","2,517,053","2,488,999","2,471,077","2,459,877","2,569,179","2,555,521","2,621,213","2,702,821","2,683,207","2,672,890","2,783,212","2,867,279","2,770,456","2,856,081","2,937,199","2,930,253","2,924,177","2,859,709","2,958,525","2,917,143","2,712,475","2,851,846","2,824,186","2,741,045","2,869,893","2,909,494","2,824,763","2,775,468","2,672,798","2,805,187","2,778,669","2,564,299","2,726,823",,,,,,,,,,,,,,,,,,,,,,,,,,,,,,,,,,,,,,
KS,"631,316","618,147","639,460","641,033","657,075","723,629","763,521","722,888","793,842","839,336","874,267","908,254","961,171","966,322","959,652","924,911","972,467","981,082","1,037,084","1,132,093","1,022,129","947,309","944,960","917,190","1,016,638","1,011,726","974,201","1,015,692","1,069,693","1,042,967","1,074,411","1,070,458","1,057,384","1,085,841","1,111,842","1,078,398","1,109,687","1,101,174","1,088,848","1,108,311","1,116,109","1,063,914","1,099,484","1,140,145","1,121,296","1,067,023","1,095,718","1,157,469","1,119,535","1,087,973","1,109,712","1,097,483","1,068,115","1,096,174","1,133,130","1,101,036","1,092,546","1,075,127","1,135,802","1,129,045","1,069,374","1,073,739",,,,,,,,,,,,,,,,,,,,,,,,,,,,,,,,,,,,,,
KY,"823,236","818,917","836,442","888,319","890,219","899,590","905,831","953,994","1,014,155","1,073,330","1,104,720","1,117,666","1,203,074","1,236,974","1,228,332","1,278,425","1,400,423","1,414,018","1,400,112","1,432,637","1,367,982","1,297,313","1,262,083","1,276,623","1,375,310","1,329,732","1,304,571","1,341,279","1,419,083","1,509,038","1,489,868","1,515,784","1,582,211","1,618,620","1,671,777","1,741,938","1,761,014","1,767,765","1,725,018","1,815,367","1,802,618","1,832,560","1,989,605","1,923,756","1,998,031","2,018,197","2,009,346","2,044,160","2,008,086","1,930,240","2,002,909","1,934,775","1,900,476","1,841,287","1,779,131","1,729,283","1,703,242","1,660,930","1,743,860","1,712,246","1,585,083","1,688,543",,,,,,,,,,,,,,,,,,,,,,,,,,,,,,,,,,,,,,
LA,"1,502,163","1,564,830","1,580,187","1,747,248","1,866,221","1,832,996","1,973,892","2,236,542","2,422,111","2,701,453","2,836,864","2,897,554","3,083,286","3,317,510","3,408,243","3,107,626","3,535,790","3,936,486","4,095,231","4,044,689","3,908,929","3,961,906","3,637,354","3,431,465","3,575,817","3,340,207","3,500,802","3,564,236","3,601,826","3,759,315","3,704,139","3,708,377","3,817,827","3,883,991","4,020,890","4,064,879","4,240,432","4,328,538","4,047,864","4,026,488","4,330,579","3,823,437","3,958,145","3,809,616","4,011,693","3,854,682","4,026,180","4,286,897","4,228,087","4,035,089","4,124,618","4,137,822","4,008,050","3,919,863","3,940,380","3,911,649","4,031,037","4,208,259","4,247,240","4,283,276","4,200,997","4,282,133",,,,,,,,,,,,,,,,,,,,,,,,,,,,,,,,,,,,,,
MA,"1,054,127","1,079,950","1,111,915","1,083,270","1,119,625","1,245,258","1,247,984","1,326,492","1,373,613","1,402,415","1,464,384","1,493,798","1,546,466","1,581,551","1,475,055","1,420,313","1,499,176","1,486,580","1,471,615","1,308,451","1,246,693","1,215,717","1,234,902","1,231,961","1,292,240","1,313,664","1,383,264","1,404,906","1,427,362","1,459,706","1,418,231","1,376,471","1,443,841","1,445,182","1,451,556","1,436,967","1,463,140","1,456,922","1,428,046","1,450,435","1,535,713","1,516,967","1,533,528","1,499,086","1,498,061","1,503,540","1,432,783","1,458,172","1,435,829","1,375,161","1,430,955","1,408,756","1,373,574","1,442,081","1,452,576","1,468,500","1,426,530","1,432,353","1,469,343","1,464,978","1,278,224","1,343,692",,,,,,,,,,,,,,,,,,,,,,,,,,,,,,,,,,,,,,
MD,"697,260","699,934","748,394","775,284","823,757","859,906","900,300","915,531","968,996","1,023,972","1,067,972","1,104,522","1,122,760","1,214,593","1,123,057","1,069,386","1,148,110","1,129,827","1,154,687","1,219,177","1,156,510","1,140,938","1,102,129","1,120,386","1,192,374","1,160,048","1,182,435","1,249,115","1,288,359","1,320,439","1,277,680","1,274,478","1,264,902","1,315,345","1,323,800","1,341,801","1,380,811","1,386,411","1,384,577","1,425,265","1,459,886","1,451,217","1,539,539","1,590,448","1,570,234","1,596,813","1,482,301","1,505,959","1,466,519","1,454,693","1,485,962","1,432,008","1,390,939","1,413,579","1,425,130","1,423,210","1,385,623","1,346,001","1,390,574","1,354,091","1,211,420","1,269,241",,,,,,,,,,,,,,,,,,,,,,,,,,,,,,,,,,,,,,
ME,"232,332","244,897","237,907","241,423","242,725","232,176","244,258","256,811","271,194","288,283","302,380","353,571","380,418","378,940","354,413","324,651","380,599","396,866","384,636","363,580","381,550","380,501","426,436","391,587","418,276","423,461","444,354","433,183","484,767","478,996","430,659","435,294","449,327","452,399","461,886","431,302","458,152","443,177","418,462","430,397","463,343","426,028","430,762","430,431","443,142","447,801","427,755","450,333","455,348","412,887","417,926","417,830","401,322","414,076","414,903","424,752","392,405","385,086","388,145","384,129","364,886","371,999",,,,,,,,,,,,,,,,,,,,,,,,,,,,,,,,,,,,,,
MI,"1,851,644","1,876,674","1,985,156","2,072,621","2,140,394","2,278,302","2,430,278","2,490,875","2,627,315","2,734,264","2,702,538","2,798,196","2,970,324","3,060,405","2,916,310","2,865,742","2,983,999","2,873,174","2,942,354","2,923,445","2,824,417","2,673,062","2,525,049","2,521,430","2,597,220","2,634,458","2,651,892","2,639,558","2,812,015","2,845,535","2,866,603","2,800,618","2,850,077","2,847,744","2,871,299","3,000,186","3,105,729","3,106,640","3,058,629","3,227,372","3,225,008","3,104,288","3,161,372","3,202,233","3,164,951","3,215,169","3,046,605","3,022,749","2,915,379","2,689,993","2,779,932","2,818,940","2,714,929","2,865,217","2,909,249","2,825,750","2,805,339","2,796,976","2,910,564","2,879,272","2,611,239","2,710,244",,,,,,,,,,,,,,,,,,,,,,,,,,,,,,,,,,,,,,
MN,"723,031","728,237","766,680","775,637","816,048","865,284","922,187","929,413","991,475","1,081,915","1,107,892","1,148,516","1,209,799","1,257,708","1,237,566","1,246,041","1,293,627","1,257,346","1,350,594","1,350,455","1,224,226","1,176,563","1,187,287","1,190,390","1,251,746","1,258,254","1,245,900","1,251,390","1,355,217","1,392,696","1,409,665","1,434,833","1,442,310","1,486,122","1,522,324","1,612,469","1,685,217","1,653,900","1,624,327","1,700,105","1,749,107","1,720,944","1,785,661","1,863,727","1,863,445","1,871,803","1,843,500","1,896,785","1,913,253","1,787,538","1,857,100","1,854,389","1,816,725","1,888,720","1,944,372","1,819,728","1,843,950","1,867,704","1,950,896","1,915,573","1,743,962","1,820,568",,,,,,,,,,,,,,,,,,,,,,,,,,,,,,,,,,,,,,
MO,"899,857","898,673","939,806","954,239","989,314","1,043,038","1,102,147","1,132,505","1,211,237","1,265,602","1,309,269","1,326,842","1,383,498","1,418,725","1,399,043","1,412,553","1,471,585","1,505,717","1,556,126","1,530,220","1,422,627","1,364,588","1,361,929","1,364,968","1,382,791","1,405,803","1,407,765","1,430,886","1,500,220","1,511,766","1,506,669","1,540,305","1,532,026","1,645,347","1,658,124","1,717,666","1,804,740","1,802,761","1,849,558","1,890,358","1,831,457","1,864,062","1,878,573","1,883,450","1,894,079","1,982,290","1,967,681","1,985,695","1,948,878","1,844,687","1,925,512","1,868,353","1,788,544","1,850,954","1,911,014","1,830,229","1,780,639","1,740,710","1,859,951","1,804,164","1,701,313","1,759,960",,,,,,,,,,,,,,,,,,,,,,,,,,,,,,,,,,,,,,
MS,"404,939","411,387","438,300","473,278","513,324","511,644","566,410","579,960","645,521","684,793","746,912","786,107","830,744","847,974","817,314","771,990","778,923","819,170","849,268","877,571","833,876","817,881","814,290","819,939","858,698","837,167","846,367","868,802","917,601","959,292","1,019,810","1,042,158","1,067,309","1,076,443","1,093,733","1,120,526","1,148,611","1,148,411","1,141,236","1,238,413","1,245,835","1,132,667","1,174,307","1,206,235","1,209,335","1,175,656","1,211,461","1,225,189","1,166,061","1,111,085","1,153,454","1,128,276","1,112,887","1,090,993","1,101,991","1,084,805","1,071,758","1,068,138","1,106,474","1,093,769","1,037,607","1,085,004",,,,,,,,,,,,,,,,,,,,,,,,,,,,,,,,,,,,,,
MT,"227,460","241,691","248,275","252,510","263,813","258,824","275,598","260,368","280,467","314,298","322,784","333,934","342,383","347,660","351,944","345,409","365,130","361,105","383,374","397,177","360,216","337,187","316,999","323,449","359,490","370,198","352,552","329,241","341,806","351,807","350,590","355,349","349,443","367,830","371,882","391,902","397,805","367,605","391,346","395,931","410,631","357,848","381,613","379,721","401,702","422,087","441,656","469,914","456,669","426,785","404,796","403,448","396,340","405,014","403,901","402,293","404,505","420,958","434,632","444,389","428,108","433,522",,,,,,,,,,,,,,,,,,,,,,,,,,,,,,,,,,,,,,
NC,"826,470","858,960","902,745","930,073","967,053","1,000,435","1,089,558","1,137,963","1,211,104","1,281,029","1,342,676","1,403,918","1,480,269","1,551,096","1,501,847","1,458,782","1,558,503","1,633,866","1,665,364","1,730,521","1,667,382","1,629,516","1,592,073","1,668,995","1,800,225","1,797,051","1,879,993","1,966,269","2,044,646","2,064,537","2,064,098","2,053,070","2,146,014","2,234,705","2,242,614","2,361,657","2,449,409","2,428,449","2,474,626","2,494,294","2,612,315","2,551,460","2,575,450","2,594,351","2,668,617","2,702,237","2,650,024","2,686,308","2,698,571","2,555,588","2,755,615","2,628,241","2,537,213","2,555,302","2,600,012","2,593,370","2,617,015","2,573,226","2,682,002","2,653,419","2,468,156","2,627,564",,,,,,,,,,,,,,,,,,,,,,,,,,,,,,,,,,,,,,
ND,"159,415","154,763","164,872","170,619","172,006","169,405","180,786","185,106","191,968","192,560","191,117","195,302","203,742","202,197","204,358","206,515","210,442","210,359","230,012","237,989","222,373","236,161","234,682","230,477","259,557","300,438","303,900","302,940","306,556","319,110","312,939","322,894","329,126","332,142","342,000","350,175","353,238","359,732","347,752","375,585","381,565","407,370","401,218","400,838","404,459","409,142","416,023","437,978","444,397","435,403","473,968","526,250","550,014","593,045","642,009","608,671","584,102","634,449","663,571","683,930","626,222","703,928",,,,,,,,,,,,,,,,,,,,,,,,,,,,,,,,,,,,,,
NE,"307,836","314,944","327,421","334,977","347,076","348,616","389,146","385,223","422,750","455,912","487,481","496,173","509,525","522,129","518,540","525,658","554,831","556,876","556,658","545,126","507,068","477,613","492,029","502,801","506,451","499,912","482,525","495,732","535,116","533,925","533,802","542,836","531,594","560,302","585,367","613,636","644,490","658,015","674,687","664,584","667,989","664,390","675,942","685,709","697,628","704,826","721,474","757,842","796,063","778,851","867,437","863,373","852,900","872,098","878,298","857,511","870,192","872,802","908,614","906,442","863,488","897,959",,,,,,,,,,,,,,,,,,,,,,,,,,,,,,,,,,,,,,
NH,"112,158","119,931","128,225","133,691","133,091","131,247","144,764","149,526","159,459","176,217","186,601","201,058","212,305","216,617","206,500","201,882","226,976","230,352","233,236","210,760","208,260","200,294","201,336","204,533","224,289","233,475","252,309","273,261","273,541","272,775","267,260","253,893","261,635","261,384","264,573","267,526","279,664","279,217","282,000","292,260","309,761","306,523","316,339","325,619","332,093","326,092","307,906","309,086","301,470","297,891","299,013","296,889","287,772","306,234","314,409","316,769","307,667","318,353","325,805","319,734","295,747","301,559",,,,,,,,,,,,,,,,,,,,,,,,,,,,,,,,,,,,,,
NJ,"1,301,938","1,361,749","1,460,847","1,501,224","1,538,414","1,569,751","1,667,786","1,768,292","1,841,016","1,896,202","1,977,939","1,970,817","2,079,998","2,122,047","1,981,582","1,883,779","2,070,578","2,005,608","2,020,375","2,032,650","2,042,226","2,026,137","2,064,991","2,087,571","2,184,942","2,137,379","2,200,878","2,276,016","2,293,960","2,354,785","2,262,857","2,290,889","2,372,204","2,381,582","2,491,671","2,487,290","2,488,065","2,502,221","2,459,977","2,574,678","2,483,343","2,458,353","2,491,234","2,520,171","2,564,619","2,659,546","2,541,901","2,666,580","2,594,192","2,371,665","2,288,610","2,276,097","2,172,182","2,217,102","2,230,023","2,181,698","2,138,630","2,087,829","2,191,848","2,096,958","1,891,493","1,999,786",,,,,,,,,,,,,,,,,,,,,,,,,,,,,,,,,,,,,,
NM,"328,439","340,085","376,092","370,467","365,774","353,197","375,974","407,731","436,306","429,135","458,694","469,511","501,736","477,784","476,488","459,396","508,860","473,306","475,173","480,612","480,615","472,741","465,226","472,744","474,648","466,444","454,881","485,504","510,363","535,009","597,445","590,778","587,579","602,796","590,989","582,688","605,377","644,523","636,391","640,158","662,696","661,741","659,860","661,104","685,076","685,556","692,403","715,812","677,716","644,240","653,501","671,358","669,071","671,690","680,954","679,920","671,585","682,460","701,589","737,292","698,030","738,952",,,,,,,,,,,,,,,,,,,,,,,,,,,,,,,,,,,,,,
NV,"90,994","104,789","112,985","123,243","133,731","130,174","144,957","150,718","163,400","176,999","190,122","201,661","217,655","233,459","233,766","238,093","250,239","256,716","282,200","296,498","291,313","286,208","290,160","300,667","300,567","302,688","303,314","330,578","353,306","389,011","410,370","421,560","436,190","460,324","499,559","514,831","560,931","565,908","583,778","606,178","625,646","632,923","626,630","652,214","685,413","704,988","744,554","733,122","697,155","650,982","698,341","688,096","685,069","703,937","707,718","696,210","726,264","756,943","775,984","778,610","709,106","761,304",,,,,,,,,,,,,,,,,,,,,,,,,,,,,,,,,,,,,,
NY,"2,989,032","3,093,838","3,238,540","3,305,923","3,382,126","3,664,673","3,867,170","3,955,831","4,052,442","4,200,652","4,303,439","4,251,263","4,269,847","4,419,080","4,128,073","3,925,249","4,224,994","4,195,220","4,195,842","3,972,800","3,863,274","3,673,745","3,529,658","3,353,921","3,403,950","3,508,528","3,554,662","3,658,508","3,748,830","3,771,096","3,768,938","3,703,136","3,788,665","3,813,730","3,752,701","3,791,091","3,940,339","4,013,223","3,939,102","4,061,177","4,138,665","4,021,810","4,031,386","4,163,543","4,261,831","4,153,196","3,873,242","3,958,014","3,874,866","3,699,342","3,875,285","3,760,569","3,587,043","3,723,924","3,842,351","3,840,257","3,768,683","3,776,809","3,948,600","3,847,125","3,357,012","3,542,279",,,,,,,,,,,,,,,,,,,,,,,,,,,,,,,,,,,,,,
OH,"2,994,711","2,898,735","3,036,395","3,113,988","3,215,365","3,369,016","3,539,868","3,543,981","3,710,053","3,856,077","3,932,645","3,871,518","4,125,705","4,218,370","4,198,106","3,979,902","4,208,900","4,198,403","4,275,771","4,261,990","3,950,811","3,848,330","3,507,765","3,444,507","3,646,301","3,622,387","3,591,701","3,708,183","3,844,211","3,953,736","3,822,978","3,821,363","3,864,860","3,917,038","4,026,924","4,109,184","4,196,129","4,180,825","4,080,012","4,245,853","4,273,427","4,010,965","3,954,607","4,020,592","4,054,623","4,081,428","3,921,590","4,049,461","3,999,754","3,665,920","3,788,071","3,755,715","3,615,217","3,684,994","3,792,274","3,694,502","3,656,637","3,601,824","3,743,886","3,620,569","3,389,454","3,541,951",,,,,,,,,,,,,,,,,,,,,,,,,,,,,,,,,,,,,,
OK,"580,906","582,692","692,041","768,636","802,725","774,367","744,879","763,519","843,549","886,447","939,226","965,680","1,019,204","1,024,152","1,064,042","1,070,091","1,162,766","1,224,894","1,266,603","1,322,376","1,213,993","1,248,960","1,318,075","1,316,946","1,322,507","1,297,798","1,203,182","1,256,837","1,291,311","1,325,070","1,393,309","1,321,377","1,337,475","1,396,903","1,402,103","1,376,001","1,438,055","1,444,227","1,449,160","1,432,209","1,486,799","1,508,230","1,458,526","1,488,461","1,477,461","1,527,097","1,566,694","1,572,521","1,582,452","1,491,763","1,579,519","1,577,612","1,562,906","1,615,355","1,682,546","1,624,111","1,623,637","1,646,043","1,714,460","1,684,194","1,579,834","1,651,690",,,,,,,,,,,,,,,,,,,,,,,,,,,,,,,,,,,,,,
OR,"470,579","485,140","509,385","527,201","578,504","591,834","630,433","646,405","691,620","733,064","752,924","796,879","837,435","854,962","837,588","867,638","885,915","885,093","951,139","977,131","945,029","939,039","905,941","868,020","936,508","913,873","895,457","940,455","991,005","999,506","993,039","1,026,227","1,019,290","1,038,599","1,053,488","1,059,502","1,103,336","1,114,829","1,125,373","1,150,420","1,135,473","1,043,441","1,038,743","1,017,177","1,012,895","1,043,014","1,077,540","1,062,793","1,047,183","1,012,534","981,669","1,007,450","978,566","996,837","994,011","972,674","990,237","1,044,122","1,024,955","1,034,818","992,089","1,047,758",,,,,,,,,,,,,,,,,,,,,,,,,,,,,,,,,,,,,,
PA,"3,253,214","3,146,037","3,255,423","3,391,013","3,588,928","3,731,977","3,831,882","3,816,103","3,959,290","3,982,119","4,106,916","4,044,955","4,187,795","4,294,356","4,124,018","3,913,887","4,164,173","4,127,190","4,128,436","4,249,658","3,996,299","3,809,830","3,363,346","3,377,212","3,604,664","3,434,064","3,378,296","3,551,982","3,713,946","3,738,812","3,647,112","3,584,645","3,684,806","3,755,566","3,829,642","3,888,467","3,923,633","3,889,569","3,730,911","3,770,848","3,942,074","3,849,655","3,911,083","3,961,080","4,008,376","4,035,404","3,908,855","3,963,065","3,942,347","3,625,844","3,755,384","3,752,574","3,644,363","3,855,410","3,983,861","3,897,600","3,761,174","3,766,978","3,932,825","3,818,299","3,411,392","3,633,617",,,,,,,,,,,,,,,,,,,,,,,,,,,,,,,,,,,,,,
RI,"187,082","172,905","180,862","180,600","178,156","173,485","175,290","193,450","197,936","210,703","222,536","235,513","236,763","231,946","215,591","206,221","215,504","223,147","212,617","201,339","185,615","175,209","174,887","180,973","192,232","204,275","206,204","215,862","223,279","216,864","214,939","220,203","246,532","202,715","241,346","230,325","220,140","217,889","226,678","226,813","205,766","204,161","203,880","219,115","216,892","210,046","200,878","198,328","194,318","194,796","195,359","185,400","183,353","196,957","203,859","202,819","185,374","182,551","195,620","190,565","175,714","185,958",,,,,,,,,,,,,,,,,,,,,,,,,,,,,,,,,,,,,,
SC,"489,216","507,093","540,137","561,023","560,524","554,319","593,446","603,092","654,373","699,204","745,729","779,638","834,960","886,118","858,642","840,874","964,613","1,000,303","994,484","984,487","997,901","1,002,177","973,134","1,006,503","1,069,330","1,076,310","1,142,219","1,178,512","1,235,317","1,243,836","1,269,960","1,294,733","1,311,056","1,368,980","1,369,400","1,426,887","1,465,968","1,514,026","1,561,047","1,567,482","1,614,128","1,563,022","1,601,989","1,607,730","1,712,248","1,684,154","1,693,408","1,670,947","1,637,705","1,572,770","1,665,082","1,619,188","1,571,379","1,600,681","1,642,621","1,661,307","1,655,809","1,646,019","1,672,656","1,637,694","1,531,476","1,629,835",,,,,,,,,,,,,,,,,,,,,,,,,,,,,,,,,,,,,,
SD,"128,835","131,556","136,645","140,408","143,784","140,065","146,362","145,670","153,321","159,805","168,792","170,183","179,190","176,823","172,589","181,948","195,374","196,832","205,651","204,965","190,687","178,760","191,238","185,488","188,704","194,819","195,032","195,204","205,416","214,315","220,217","216,736","219,688","233,039","240,112","243,598","256,639","245,398","243,915","248,864","263,270","255,811","275,235","279,620","288,818","306,348","311,156","330,884","353,531","363,063","377,425","378,093","375,827","390,623","393,914","389,826","388,011","393,912","406,506","405,637","396,725","410,173",,,,,,,,,,,,,,,,,,,,,,,,,,,,,,,,,,,,,,
TN,"962,617","978,121","1,015,575","1,062,187","1,088,445","1,137,343","1,231,562","1,236,057","1,284,591","1,340,773","1,365,610","1,371,116","1,473,992","1,614,086","1,578,503","1,614,225","1,720,063","1,779,374","1,762,976","1,800,371","1,724,916","1,693,019","1,611,851","1,660,254","1,737,534","1,711,499","1,700,016","1,712,673","1,777,007","1,829,468","1,804,944","1,803,881","1,849,079","1,882,954","1,933,445","1,951,894","2,059,423","2,036,478","2,118,307","2,163,552","2,197,309","2,209,605","2,235,042","2,252,846","2,282,706","2,341,365","2,332,635","2,345,221","2,283,920","2,087,008","2,251,227","2,197,138","2,081,680","2,136,575","2,204,087","2,178,242","2,205,742","2,143,867","2,231,889","2,170,234","2,038,227","2,196,073",,,,,,,,,,,,,,,,,,,,,,,,,,,,,,,,,,,,,,
TX,"4,416,216","4,447,880","4,640,675","4,894,089","5,012,683","5,212,184","5,557,255","5,879,030","6,268,911","6,656,323","6,921,781","7,233,774","7,623,194","8,241,366","8,093,721","7,511,439","7,835,920","8,475,779","8,941,144","9,307,928","9,385,532","9,147,369","8,471,165","8,406,461","8,946,242","9,011,817","9,007,599","9,240,071","9,811,771","10,093,725","10,091,766","10,094,638","10,253,144","10,350,893","10,663,278","10,811,073","11,579,042","11,984,538","12,161,298","11,788,094","12,141,591","11,942,555","12,241,015","12,028,703","12,074,331","11,539,443","11,677,434","11,779,336","11,263,775","10,881,930","11,604,315","11,828,229","11,861,159","12,634,137","12,624,186","12,756,562","12,989,074","13,172,635","14,017,474","14,240,883","13,495,525","14,358,679",,,,,,,,,,,,,,,,,,,,,,,,,,,,,,,,,,,,,,
UT,"303,229","300,811","310,319","311,815","334,525","339,504","350,834","345,267","365,623","395,838","397,019","415,199","428,177","457,776","473,666","480,756","510,233","486,089","510,695","526,397","504,574","478,203","467,638","491,810","504,008","500,434","470,786","462,389","526,305","537,620","538,104","568,042","554,346","579,508","589,907","640,342","670,541","684,793","707,959","699,762","744,480","713,979","693,795","704,447","735,427","762,159","779,275","781,023","768,036","741,639","752,599","789,360","785,062","820,176","793,265","796,198","805,381","824,964","842,275","853,861","827,201","847,234",,,,,,,,,,,,,,,,,,,,,,,,,,,,,,,,,,,,,,
VA,"851,297","854,600","883,702","939,691","969,280","1,046,094","1,116,959","1,137,190","1,197,529","1,237,230","1,279,028","1,322,363","1,375,395","1,435,070","1,382,349","1,358,994","1,443,835","1,486,224","1,515,163","1,568,370","1,530,854","1,514,259","1,501,050","1,559,137","1,636,831","1,670,500","1,756,943","1,847,217","1,921,950","1,965,088","1,969,215","1,975,083","2,000,648","2,075,789","2,099,517","2,167,244","2,221,828","2,219,906","2,245,041","2,308,982","2,405,827","2,337,547","2,370,458","2,442,514","2,567,450","2,642,157","2,581,074","2,643,190","2,544,220","2,428,018","2,531,462","2,422,369","2,357,407","2,425,451","2,481,948","2,438,372","2,417,874","2,399,720","2,498,105","2,457,979","2,269,786","2,440,351",,,,,,,,,,,,,,,,,,,,,,,,,,,,,,,,,,,,,,
VT,"68,554","71,941","74,781","74,605","72,070","83,090","90,907","94,557","100,490","106,584","113,222","116,968","123,917","126,434","116,837","114,356","131,790","129,325","134,455","131,782","125,793","120,672","115,117","123,272","132,836","134,538","128,263","137,510","144,630","142,529","127,389","133,727","139,627","137,459","136,875","134,056","141,121","145,799","137,295","135,030","148,507","148,858","149,731","152,335","162,653","161,183","157,716","154,815","146,384","156,626","155,651","151,566","129,390","137,363","140,374","140,573","135,427","134,319","138,623","136,861","125,703","128,767",,,,,,,,,,,,,,,,,,,,,,,,,,,,,,,,,,,,,,
WA,"807,277","823,383","860,062","900,608","961,435","996,454","1,058,961","1,112,762","1,210,234","1,296,162","1,294,145","1,320,979","1,462,402","1,498,556","1,494,231","1,458,166","1,506,955","1,524,554","1,616,207","1,667,783","1,636,821","1,762,292","1,667,861","1,624,957","1,724,697","1,724,684","1,758,552","1,810,437","1,947,741","2,013,008","2,078,810","2,072,434","2,105,928","2,105,459","2,094,429","2,141,400","2,117,820","2,149,761","2,229,278","2,316,863","2,248,092","2,029,311","1,876,320","1,880,774","1,943,207","1,977,992","2,084,284","2,049,914","2,041,958","2,031,621","2,007,857","2,052,167","2,011,630","2,034,238","2,007,524","1,994,287","2,053,071","2,072,422","2,052,320","2,077,910","1,777,746","1,896,755",,,,,,,,,,,,,,,,,,,,,,,,,,,,,,,,,,,,,,
WI,"854,308","877,011","917,963","940,067","974,857","1,030,533","1,091,996","1,137,123","1,184,174","1,248,392","1,289,050","1,293,197","1,287,690","1,354,483","1,341,660","1,341,892","1,372,938","1,437,713","1,501,615","1,468,965","1,463,981","1,421,298","1,404,352","1,419,852","1,487,633","1,501,131","1,425,549","1,404,088","1,510,126","1,516,590","1,485,607","1,527,216","1,524,772","1,587,871","1,633,387","1,698,061","1,764,572","1,771,899","1,751,166","1,846,061","1,878,161","1,853,341","1,894,796","1,868,851","1,892,938","1,959,179","1,867,716","1,902,605","1,895,114","1,763,753","1,809,687","1,797,840","1,738,237","1,833,141","1,889,333","1,813,779","1,800,528","1,817,246","1,896,111","1,846,976","1,707,754","1,763,211",,,,,,,,,,,,,,,,,,,,,,,,,,,,,,,,,,,,,,
WV,"617,977","648,667","656,276","689,629","729,022","753,923","771,519","739,838","807,461","796,648","795,739","779,534","828,980","845,774","841,728","790,364","826,694","819,746","807,745","823,762","788,175","769,650","713,139","681,588","717,840","665,396","668,346","681,320","726,601","748,561","701,782","671,304","684,688","707,438","734,061","736,423","709,036","707,259","734,561","717,413","736,985","730,823","755,537","711,812","734,849","737,053","760,310","789,826","776,230","705,848","751,283","737,858","730,379","750,819","780,633","767,983","761,217","752,449","829,829","828,270","802,731","853,082",,,,,,,,,,,,,,,,,,,,,,,,,,,,,,,,,,,,,,
WY,"141,355","154,474","173,407","163,153","163,391","172,698","180,286","205,150","225,588","250,536","255,480","268,453","286,868","283,507","278,885","277,367","300,313","325,289","354,800","378,316","362,253","352,782","363,372","329,172","351,234","357,215","335,938","363,821","370,702","382,037","399,316","388,124","421,423","406,877","407,936","403,151","415,040","414,704","420,795","425,120","427,791","438,258","438,549","461,215","450,647","456,839","478,077","523,640","538,379","523,575","540,658","557,054","550,307","538,312","534,835","505,423","503,133","532,925","555,944","545,456","500,355","504,116",,,,,,,,,,,,,,,,,,,,,,,,,,,,,,,,,,,,,,
US,"45,033,606","45,684,153","47,773,067","49,605,630","51,766,732","53,965,864","56,960,904","58,916,870","62,401,694","65,578,920","67,720,114","69,163,993","72,677,208","75,723,857","73,914,525","71,953,031","75,966,653","77,946,963","79,978,066","80,835,915","78,047,519","76,093,624","73,006,067","72,879,382","76,510,942","76,406,632","76,592,009","78,960,216","82,711,222","84,731,883","84,455,270","84,378,989","85,731,631","87,294,850","89,010,814","90,994,738","94,005,051","94,656,420","94,933,387","96,525,739","98,694,631","96,039,152","97,542,346","97,834,756","100,013,680","100,109,225","99,387,714","100,915,641","98,764,011","93,947,040","97,499,916","96,873,894","94,369,947","97,114,706","98,290,293","97,392,513","97,375,438","97,661,225","101,239,487","100,450,598","92,995,869","97,810,007",,,,,,,,,,,,,,,,,,,,,,,,,,,,,,,,,,,,,,