GeoName,LineCode,Description,1998,1999,2000,2001,2002,2003,2004,2005,2006,2007,2008,2009,2010,2011,2012,2013,2014,2015,2016,2017,2018,2019,2020
Alabama,,Employment by place of work,,,,,,,,,,,,,,,,,,,,,,,
Alabama,10,Total employment (number of jobs),2361892,2378217,2392225,2376053,2364829,2371429,2425650,2486829,2545547,2604108,2582600,2479511,2460305,2497974,2503656,2523020,2552256,2587641,2619761,2649222,2692424,2712086,2671005
Alabama,,By industry,,,,,,,,,,,,,,,,,,,,,,,
Alabama,70,  Farm employment,60669,58377,57264,56046,51018,49413,48794,47292,47006,50753,49579,50583,48571,48235,45540,46050,43295,44705,44493,44757,42992,40417,40984
Alabama,500,      Manufacturing,371319,361668,353784,335261,315017,299642,298443,306073,309949,304227,290230,254636,244196,246321,252450,258942,262463,267889,271213,274121,277619,279259,269251
Alaska,,Employment by place of work,,,,,,,,,,,,,,,,,,,,,,,
Alaska,10,Total employment (number of jobs),382166,381307,389734,394565,402192,405625,413869,421422,431321,439844,443602,442505,443940,450420,459282,461205,461371,461707,457142,455550,454776,454743,430840
Alaska,,By industry,,,,,,,,,,,,,,,,,,,,,,,
Alaska,70,  Farm employment,848,897,786,775,744,732,729,746,743,772,933,1093,1131,1233,1066,1114,1235,1241,1257,1531,1600,1431,1402
Alaska,500,      Manufacturing,15223,13839,13761,14326,13071,13289,14020,14419,15105,15405,15063,15341,14997,16125,16505,17093,16934,16767,16449,16117,15368,15552,(D)
Arizona,,Employment by place of work,,,,,,,,,,,,,,,,,,,,,,,
Arizona,10,Total employment (number of jobs),2616288,2695892,2801510,2829002,2847070,2917095,3041449,3219799,3375196,3465065,3402806,3228516,3181563,3239037,3295532,3371101,3448146,3547647,3644791,3740747,3854741,3929945,3920033
Arizona,,By industry,,,,,,,,,,,,,,,,,,,,,,,
Arizona,70,  Farm employment,20826,19548,19657,22316,19274,22528,22562,23390,22869,28319,27272,28403,28609,29707,31585,32585,30867,31868,33400,30894,30991,29591,30173
Arizona,500,      Manufacturing,220487,217168,219420,211028,193755,185783,186887,190457,195704,193257,183735,165335,158823,161603,166664,168492,169386,171762,175205,178671,184518,191004,191552
Arkansas,,Employment by place of work,,,,,,,,,,,,,,,,,,,,,,,
Arkansas,10,Total employment (number of jobs),1445536,1460374,1482449,1482587,1478920,1482026,1505086,1537671,1567665,1582826,1579250,1542904,1541250,1561929,1565109,1569358,1587408,1610799,1629734,1639903,1658212,1663920,1639829
Arkansas,,By industry,,,,,,,,,,,,,,,,,,,,,,,
Arkansas,70,  Farm employment,65270,64189,63839,62818,58975,57569,55141,53809,53754,54209,55623,55016,55128,53691,49635,51946,51564,52512,54934,52866,52549,56158,54806
Arkansas,500,      Manufacturing,243383,241210,240220,231336,218265,210094,207950,205419,203175,193685,186264,166727,162737,162393,159495,157605,158467,160559,160990,163449,166363,167845,160457
California,,Employment by place of work,,,,,,,,,,,,,,,,,,,,,,,
California,10,Total employment (number of jobs),18432865,18852334,19228895,19341458,19358251,19478732,19784214,20126936,20505244,20888508,20654365,19837727,19642544,19986185,20666919,21318697,21996861,22687175,23177961,23548874,24077466,24225068,23154091
California,,By industry,,,,,,,,,,,,,,,,,,,,,,,
California,70,  Farm employment,335569,360766,326684,289915,317428,310619,277366,244370,222890,235386,222843,227118,232546,228094,222074,228826,241695,240604,235770,230243,234841,235913,230690
California,500,      Manufacturing,1941979,1901807,1919727,1867740,1720501,1615122,1601405,1582797,1576191,1546946,1503137,1375988,1322647,1335408,1345911,1357737,1373841,1399168,1413855,1418975,1424881,1417873,1361082
Colorado,,Employment by place of work,,,,,,,,,,,,,,,,,,,,,,,
Colorado,10,Total employment (number of jobs),2732491,2808435,2918002,2941583,2916933,2908611,2958370,3036659,3109365,3217965,3251120,3164474,3143662,3204104,3262912,3357156,3467715,3574253,3666709,3760708,3857981,3894748,3821481
Colorado,,By industry,,,,,,,,,,,,,,,,,,,,,,,
Colorado,70,  Farm employment,44226,43848,45004,46595,44805,45904,43337,42629,41867,45093,45194,44261,45101,44719,44087,45804,45474,45625,46792,50232,48470,47596,48659
Colorado,500,      Manufacturing,200214,196837,197640,191860,176917,163691,161892,161156,160858,159461,156273,144143,138474,143642,147003,149522,152914,158439,161328,162959,165709,166850,163308
Connecticut,,Employment by place of work,,,,,,,,,,,,,,,,,,,,,,,
Connecticut,10,Total employment (number of jobs),2036825,2070018,2118177,2125253,2117721,2112277,2144316,2171965,2202093,2245723,2256077,2196171,2171940,2206253,2223243,2246505,2266061,2288144,2301331,2300273,2314465,2297910,2217432
Connecticut,,By industry,,,,,,,,,,,,,,,,,,,,,,,
Connecticut,70,  Farm employment,9650,9550,9801,10233,10230,10130,8898,8645,8079,8447,9009,9022,9174,9875,9966,10692,10645,10637,10187,9708,9557,9430,9327
Connecticut,500,      Manufacturing,253945,245564,240836,233275,218436,207097,204859,202443,201093,199411,194826,179933,173326,174401,173559,172898,168429,168136,165972,168514,169859,170409,162636
Delaware,,Employment by place of work,,,,,,,,,,,,,,,,,,,,,,,
Delaware,10,Total employment (number of jobs),476426,491018,503458,502735,500634,504089,518094,528665,537096,544935,544865,525596,522361,530360,534253,544691,556449,568832,578605,584693,597021,602766,592126
Delaware,,By industry,,,,,,,,,,,,,,,,,,,,,,,
Delaware,70,  Farm employment,4004,4046,4252,4041,3809,3379,3254,3164,3138,3212,3046,2972,3133,3101,3755,3602,3730,3702,4021,3721,3426,3240,3053
Delaware,500,      Manufacturing,43771,44693,43280,40171,37821,36407,35561,34066,34188,34396,32762,29064,27177,26861,26994,26698,27035,28526,27233,27460,28662,28800,27159
Florida,,Employment by place of work,,,,,,,,,,,,,,,,,,,,,,,
Florida,10,Total employment (number of jobs),8317201,8577884,8881279,8938947,9055665,9283343,9644269,10067135,10383831,10531299,10269510,9841868,9805140,10036679,10249034,10539527,10937534,11367164,11682273,12098388,12556216,12761155,12719592
Florida,,By industry,,,,,,,,,,,,,,,,,,,,,,,
Florida,70,  Farm employment,92123,94224,98239,95952,91902,94944,88398,80432,81105,86652,84139,79694,82146,83250,86369,83597,87881,81154,79172,80031,78508,78112,80576
Florida,500,      Manufacturing,475743,471913,469515,452618,428805,412004,416089,424241,433432,423366,397717,353944,334593,343138,349747,360089,369932,383583,398735,409014,419018,429162,426060
Georgia,,Employment by place of work,,,,,,,,,,,,,,,,,,,,,,,
Georgia,10,Total employment (number of jobs),4607959,4728750,4860810,4871814,4858410,4895367,5021804,5195948,5358151,5490802,5451004,5247101,5211443,5325710,5384734,5497190,5671135,5832928,5973764,6128089,6287460,6398989,6326647
Georgia,,By industry,,,,,,,,,,,,,,,,,,,,,,,
Georgia,70,  Farm employment,70537,67651,67343,65868,60749,59672,58608,61840,56907,55785,56328,54359,50833,51504,51607,51079,51971,51764,55351,60487,51760,53343,56115
Georgia,500,      Manufacturing,554195,548441,538010,519607,487828,463810,462222,462342,462597,448927,425991,376623,361943,369796,373673,378913,388706,400277,412409,421894,433162,435550,416523
Hawaii,,Employment by place of work,,,,,,,,,,,,,,,,,,,,,,,
Hawaii,10,Total employment (number of jobs),738175,738111,749439,752548,757694,773609,797234,819967,842375,864610,858384,829885,824450,834994,849130,868191,882702,901126,914921,921135,924352,914019,817697
Hawaii,,By industry,,,,,,,,,,,,,,,,,,,,,,,
Hawaii,70,  Farm employment,12501,12292,12839,12314,11978,11917,11596,11404,11304,12489,11661,11288,11510,12304,11735,11950,13161,12625,12255,12011,12531,10664,10365
Hawaii,500,      Manufacturing,19148,19090,19378,19542,18412,17956,18540,18541,18663,19044,18314,17545,16473,16787,17474,18179,18272,18431,18873,18819,18532,17855,15793
Idaho,,Employment by place of work,,,,,,,,,,,,,,,,,,,,,,,
Idaho,10,Total employment (number of jobs),732684,747188,776910,783399,791317,800916,825332,861531,899836,929492,921093,880489,868683,878537,883162,903016,925548,949392,976719,1007831,1041387,1063687,1077864
Idaho,,By industry,,,,,,,,,,,,,,,,,,,,,,,
Idaho,70,  Farm employment,40474,39263,41934,40625,41226,39439,38975,38190,37728,36981,37865,37293,37294,39387,38804,38812,40192,39810,40099,43552,41457,41731,40600
Idaho,500,      Manufacturing,72009,73140,74262,72476,68877,66122,66397,67326,70585,71533,67910,60588,58442,60205,62227,65413,65910,68051,70898,73230,74737,74942,74577
Illinois,,Employment by place of work,,,,,,,,,,,,,,,,,,,,,,,
Illinois,10,Total employment (number of jobs),7139373,7218569,7357491,7309738,7217677,7191483,7244979,7334786,7448634,7577703,7553123,7304369,7251061,7376147,7434721,7503553,7613604,7748859,7804672,7823072,7880803,7859053,7519019
Illinois,,By industry,,,,,,,,,,,,,,,,,,,,,,,
Illinois,70,  Farm employment,98814,99993,100588,97055,82523,81235,76925,78333,77657,80619,79069,77674,80142,79334,77316,75108,74021,76494,75067,73419,74356,71113,73422
Illinois,500,      Manufacturing,914428,893277,880434,831800,771635,731518,713783,705798,699931,693828,676021,597735,578516,593769,602850,601176,600207,602390,596630,596964,607486,605824,575261
Indiana,,Employment by place of work,,,,,,,,,,,,,,,,,,,,,,,
Indiana,10,Total employment (number of jobs),3543278,3596542,3648148,3588944,3553197,3552183,3593262,3634795,3674382,3720029,3682921,3523023,3525292,3590103,3642274,3684167,3740470,3796439,3847508,3903424,3963724,3969603,3843114
Indiana,,By industry,,,,,,,,,,,,,,,,,,,,,,,
Indiana,70,  Farm employment,79787,79659,79633,77385,68216,65582,63328,63600,64241,64081,61520,63135,67194,64083,64931,63928,62765,61275,61100,62851,64148,60092,60392
Indiana,500,      Manufacturing,671064,677481,674324,626153,599088,582527,582264,581816,576415,562124,533010,456072,460745,477771,495891,507226,521893,533829,538732,548341,557158,555753,519485
Iowa,,Employment by place of work,,,,,,,,,,,,,,,,,,,,,,,
Iowa,10,Total employment (number of jobs),1877486,1896080,1915254,1902198,1879738,1873351,1902252,1933944,1965800,1994003,1997583,1959120,1950434,1975941,1993406,2019403,2038999,2059821,2066676,2061826,2076505,2070466,2009821
Iowa,,By industry,,,,,,,,,,,,,,,,,,,,,,,
Iowa,70,  Farm employment,113359,109060,109851,106748,96375,91662,89651,91214,87603,90028,91461,88852,91009,90855,88093,91801,86932,90662,89517,86707,87485,87970,87711
Iowa,500,      Manufacturing,255398,257445,255881,245631,233090,225533,228797,234937,237174,235857,233267,209657,206720,212410,217208,221396,223650,223309,221237,223301,229773,232893,223269
Kansas,,Employment by place of work,,,,,,,,,,,,,,,,,,,,,,,
Kansas,10,Total employment (number of jobs),1723552,1740420,1760312,1767601,1746039,1733661,1750839,1765616,1795475,1844345,1858080,1813192,1801894,1819054,1841411,1868968,1895912,1910992,1916188,1913433,1925926,1924114,1878887
Kansas,,By industry,,,,,,,,,,,,,,,,,,,,,,,
Kansas,70,  Farm employment,80282,80286,77477,78177,70532,68516,67586,66829,64910,65639,63820,62798,63882,65761,63753,62617,64333,64416,63840,61876,63525,62765,63585
Kansas,500,      Manufacturing,208118,205686,203835,199980,188866,178980,181706,185426,188013,192905,193095,173831,165991,167281,169289,170092,169281,168349,167749,168427,171779,173579,165538
Kentucky,,Employment by place of work,,,,,,,,,,,,,,,,,,,,,,,
Kentucky,10,Total employment (number of jobs),2223896,2264164,2306481,2283616,2263400,2273294,2300562,2337786,2374793,2414775,2402305,2324874,2325641,2367868,2389067,2407581,2439916,2473925,2498703,2520120,2546178,2549943,2471693
Kentucky,,By industry,,,,,,,,,,,,,,,,,,,,,,,
Kentucky,70,  Farm employment,111635,112620,111911,110018,100705,101509,96919,91250,89393,89299,87560,84820,84173,84789,83933,83082,84200,86189,82824,84279,83820,82337,81908
Kentucky,500,      Manufacturing,310244,312286,314911,298078,281217,271379,269439,267931,266847,262262,251409,219717,215227,219725,230158,237244,242274,249075,256099,258747,259587,260625,243778
Louisiana,,Employment by place of work,,,,,,,,,,,,,,,,,,,,,,,
Louisiana,10,Total employment (number of jobs),2336386,2352801,2388668,2397993,2399210,2418739,2434471,2397382,2413784,2501097,2550824,2529917,2536537,2564904,2601173,2642042,2684809,2696540,2691337,2692542,2725271,2717570,2592841
Louisiana,,By industry,,,,,,,,,,,,,,,,,,,,,,,
Louisiana,70,  Farm employment,40514,40551,40125,37942,33914,30828,30638,30001,31121,32790,32545,33600,33352,32546,31039,30352,29934,32670,31599,32863,32485,30255,31378
Louisiana,500,      Manufacturing,185917,181994,178325,178189,166745,162147,158716,157470,158689,164284,159386,150112,144377,147875,150338,153545,156490,153384,145980,144990,146137,147894,141930
Maine,,Employment by place of work,,,,,,,,,,,,,,,,,,,,,,,
Maine,10,Total employment (number of jobs),748614,762975,784039,787577,790595,794492,807610,809340,817608,828243,823556,800553,791385,794415,796939,803582,810909,816586,826729,834280,843918,842455,813101
Maine,,By industry,,,,,,,,,,,,,,,,,,,,,,,
Maine,70,  Farm employment,10549,10495,10528,10901,10931,10811,9945,9715,9284,10052,10255,10162,10189,10590,11082,11613,11539,11349,10965,10611,10565,10460,10326
Maine,500,      Manufacturing,85222,84555,83113,78734,72274,68276,67501,65173,64183,64202,63309,57509,55124,55580,55728,55915,55398,55881,56296,56426,57120,57865,54756
Maryland,,Employment by place of work,,,,,,,,,,,,,,,,,,,,,,,
Maryland,10,Total employment (number of jobs),2935441,3007654,3092125,3119857,3156623,3191282,3247728,3310793,3378368,3440590,3430861,3359477,3345404,3394860,3438930,3494007,3537737,3602930,3659063,3696841,3752933,3744535,3621705
Maryland,,By industry,,,,,,,,,,,,,,,,,,,,,,,
Maryland,70,  Farm employment,17450,18005,18976,18633,18197,16633,16137,15845,15675,15971,15409,15104,15552,15527,17067,16874,17356,17172,18642,19410,18125,17301,16375
Maryland,500,      Manufacturing,181369,178319,179005,174404,162280,152933,149066,145593,141823,139166,135446,126920,122311,121146,117582,116815,113657,114269,114820,117787,120529,121890,119096
Massachusetts,,Employment by place of work,,,,,,,,,,,,,,,,,,,,,,,
Massachusetts,10,Total employment (number of jobs),3896096,3962492,4070320,4075959,4021523,3991923,4028571,4071259,4110359,4202911,4215626,4115975,4115496,4175255,4253382,4353531,4447709,4631415,4709800,4778364,4855037,4872907,4600264
Massachusetts,,By industry,,,,,,,,,,,,,,,,,,,,,,,
Massachusetts,70,  Farm employment,10553,10531,10710,10704,10594,10512,9512,9356,8890,10087,10377,10213,10187,10538,10929,11625,11580,11534,11021,10539,10423,10317,10176
Massachusetts,500,      Manufacturing,431716,418934,416792,399034,359945,333721,322384,315685,309688,306843,297597,271490,265157,265597,263687,263959,263403,263646,260858,259623,259993,257661,243355
Michigan,,Employment by place of work,,,,,,,,,,,,,,,,,,,,,,,
Michigan,10,Total employment (number of jobs),5383530,5485654,5621494,5526201,5466125,5441678,5467547,5491717,5457438,5457366,5337592,5046457,5038098,5165197,5234356,5323127,5412068,5501527,5575793,5631139,5715122,5713233,5387741
Michigan,,By industry,,,,,,,,,,,,,,,,,,,,,,,
Michigan,70,  Farm employment,72875,75273,73645,73091,69650,69512,69568,67440,65059,70402,65251,64682,63240,70015,65906,67329,67561,69267,67159,61565,63811,63732,60815
Michigan,500,      Manufacturing,904411,917182,911843,845420,774226,732327,711153,690550,663889,639091,592715,483594,491541,527617,553139,572461,592579,611960,627514,642991,655267,651972,581267
Minnesota,,Employment by place of work,,,,,,,,,,,,,,,,,,,,,,,
Minnesota,10,Total employment (number of jobs),3189396,3256931,3330936,3347326,3337728,3347012,3390375,3448129,3495694,3540345,3526233,3424125,3408488,3468973,3505288,3555540,3603670,3662633,3697854,3735638,3776940,3782809,3607496
Minnesota,,By industry,,,,,,,,,,,,,,,,,,,,,,,
Minnesota,70,  Farm employment,100402,101797,100675,101443,92225,90484,87109,87018,83325,83893,81197,85859,85342,82190,81854,79938,77347,79711,76758,74510,74921,77517,77016
Minnesota,500,      Manufacturing,408825,407601,407496,389674,368650,356783,355052,358813,358452,354726,347863,314269,305555,315606,320206,323191,327586,333172,334572,335637,338168,338900,323589
Mississippi,,Employment by place of work,,,,,,,,,,,,,,,,,,,,,,,
Mississippi,10,Total employment (number of jobs),1445429,1469707,1476295,1455992,1454782,1452910,1463650,1473724,1508313,1538835,1537448,1492328,1490777,1509966,1519741,1532509,1556854,1568216,1581199,1592198,1602929,1607308,1573290
Mississippi,,By industry,,,,,,,,,,,,,,,,,,,,,,,
Mississippi,70,  Farm employment,54110,55028,55096,53241,48115,45394,44733,44364,45329,44186,43312,44059,43707,42449,40588,38939,43896,40781,39107,39846,39221,36652,37740
Mississippi,500,      Manufacturing,234316,233784,223867,204440,191677,182610,183135,182023,179475,173304,163345,145753,139833,140262,141796,142384,145073,147235,149165,150089,150855,152745,145580
Missouri,,Employment by place of work,,,,,,,,,,,,,,,,,,,,,,,
Missouri,10,Total employment (number of jobs),3385244,3422953,3470846,3451902,3437481,3444525,3478540,3533298,3586439,3636196,3625622,3522642,3475274,3506549,3528185,3565833,3597160,3655817,3700543,3735873,3777370,3779459,3692620
Missouri,,By industry,,,,,,,,,,,,,,,,,,,,,,,
Missouri,70,  Farm employment,127172,124303,124097,122590,116521,111174,106865,106656,103920,104187,104343,102576,102337,101211,99353,99399,96483,98335,98263,94468,95074,95542,96287
Missouri,500,      Manufacturing,386154,380534,373084,350953,332414,320096,321699,318931,317956,312227,300208,267535,254415,258536,261080,266365,268874,274754,277834,280361,286990,289852,279638
Montana,,Employment by place of work,,,,,,,,,,,,,,,,,,,,,,,
Montana,10,Total employment (number of jobs),535785,543115,552690,559924,564636,571208,585505,600567,616917,635629,636195,619453,616391,623221,633197,642072,649048,660573,667793,674409,684043,685999,684052
Montana,,By industry,,,,,,,,,,,,,,,,,,,,,,,
Montana,70,  Farm employment,32103,31977,32805,32404,32105,30480,29768,29084,28436,28881,29088,28921,28828,29353,29795,30232,29829,30291,30277,30459,29647,29429,29221
Montana,500,      Manufacturing,24837,25138,24863,24436,23179,22029,22290,22767,23406,23949,23418,21232,19856,20684,21550,22659,23030,23447,24262,24657,25168,25358,24823
Nebraska,,Employment by place of work,,,,,,,,,,,,,,,,,,,,,,,
Nebraska,10,Total employment (number of jobs),1138369,1156816,1173756,1175112,1165998,1169210,1180188,1192187,1208036,1230968,1237394,1223251,1219855,1232536,1251331,1266360,1282738,1302877,1310927,1317730,1330415,1328389,1305651
Nebraska,,By industry,,,,,,,,,,,,,,,,,,,,,,,
Nebraska,70,  Farm employment,68107,68731,66442,63301,57003,55345,53300,52054,50315,49869,49906,51627,54213,55431,53922,53977,53226,56525,54337,53957,55066,52509,52641
Nebraska,500,      Manufacturing,115024,113843,115308,113289,108773,104763,103160,103894,104458,104678,104372,96643,94494,96878,98331,100072,100853,100884,100631,101857,103539,103549,101325
Nevada,,Employment by place of work,,,,,,,,,,,,,,,,,,,,,,,
Nevada,10,Total employment (number of jobs),1131237,1189071,1254358,1285310,1299544,1353124,1441158,1533726,1604488,1643873,1619016,1512925,1478082,1501861,1519210,1561287,1608537,1664654,1724751,1780614,1848890,1884148,1770886
Nevada,,By industry,,,,,,,,,,,,,,,,,,,,,,,
Nevada,70,  Farm employment,5279,5249,5287,5311,4815,5107,4943,4934,4907,4716,4953,5038,5354,5368,5658,5733,5560,5438,5286,5434,5116,5010,5155
Nevada,500,      Manufacturing,42792,43683,45262,46319,45960,46769,49139,51581,54151,54364,52057,44462,41667,42579,43639,45771,46744,47750,49651,54020,61616,65380,62284
New Hampshire,,Employment by place of work,,,,,,,,,,,,,,,,,,,,,,,
New Hampshire,10,Total employment (number of jobs),743341,760763,783545,788168,788485,797649,812824,825602,835584,848007,844885,820826,813758,818810,824378,835032,844521,860652,873123,882481,892584,890072,858471
New Hampshire,,By industry,,,,,,,,,,,,,,,,,,,,,,,
New Hampshire,70,  Farm employment,4760,4691,4718,4882,5045,4992,4630,4577,4396,5066,5159,5137,5173,5270,5521,5744,5707,5673,5509,5215,5179,5114,5074
New Hampshire,500,      Manufacturing,107859,105133,106369,101279,88697,83841,83688,83842,82301,82221,80232,72752,69993,71215,70705,71171,71442,72423,73556,74313,75704,75965,71887
New Jersey,,Employment by place of work,,,,,,,,,,,,,,,,,,,,,,,
New Jersey,10,Total employment (number of jobs),4500635,4571128,4748598,4777145,4791997,4825010,4909630,4991163,5057231,5130173,5123837,4992097,4960649,5018547,5053885,5133106,5206898,5303132,5391258,5448785,5550061,5571245,5319454
New Jersey,,By industry,,,,,,,,,,,,,,,,,,,,,,,
New Jersey,70,  Farm employment,16362,17456,18927,18931,19114,17350,16910,16549,16721,16734,15584,15208,15805,15677,17529,17113,17885,17832,19832,19305,17731,16793,15593
New Jersey,500,      Manufacturing,440942,426728,428991,408397,376916,359059,347772,341660,333859,319832,309285,279847,269127,266044,259205,258190,257595,253996,259352,261121,263518,266640,253688
New Mexico,,Employment by place of work,,,,,,,,,,,,,,,,,,,,,,,
New Mexico,10,Total employment (number of jobs),937525,942297,964919,976506,984383,1003008,1027012,1050201,1079128,1103272,1105330,1071898,1059918,1064201,1067145,1075551,1083585,1092272,1092375,1095489,1110587,1116844,1069531
New Mexico,,By industry,,,,,,,,,,,,,,,,,,,,,,,
New Mexico,70,  Farm employment,23314,22119,21910,24378,20859,22838,22619,23272,22829,25761,24712,25238,25631,27322,28262,29310,28346,29003,29826,28930,28766,28061,28305
New Mexico,500,      Manufacturing,48052,46558,46947,45736,43812,41599,40614,41013,42827,42769,40597,36528,34551,35694,35709,35416,33986,34103,33152,32512,33314,34044,32678
New York,,Employment by place of work,,,,,,,,,,,,,,,,,,,,,,,
New York,10,Total employment (number of jobs),9901394,10164527,10424526,10438676,10348481,10377941,10513473,10654659,10810338,11083019,11197859,10984512,11005904,11294271,11433058,11619011,11865761,12099197,12259166,12391361,12655123,12745758,11871619
New York,,By industry,,,,,,,,,,,,,,,,,,,,,,,
New York,70,  Farm employment,59991,60574,60708,60300,59021,58285,52887,51988,49355,49919,51672,50857,50455,52102,51493,54435,54191,54000,52058,52735,52184,51556,50971
New York,500,      Manufacturing,802733,780293,765716,730571,675773,637444,621531,606795,592413,581295,559414,506558,483944,489458,490672,491475,487239,489553,487932,481546,478294,472096,433937
North Carolina,,Employment by place of work,,,,,,,,,,,,,,,,,,,,,,,
North Carolina,10,Total employment (number of jobs),4708195,4802414,4891957,4855476,4842001,4851941,4961645,5093058,5251529,5430916,5413522,5215727,5178397,5292804,5356134,5436745,5568600,5694917,5825267,5919022,6055657,6149071,6054937
North Carolina,,By industry,,,,,,,,,,,,,,,,,,,,,,,
North Carolina,70,  Farm employment,87741,87418,84975,82881,77606,73208,68399,63837,63300,66287,64949,63489,63289,65666,62181,64739,65786,67913,66997,63758,63000,66765,63537
North Carolina,500,      Manufacturing,812743,795554,778251,717563,659503,618335,597159,586828,573350,561007,536507,468709,449561,455869,460170,465451,471434,483682,489146,490979,497452,499224,475436
North Dakota,,Employment by place of work,,,,,,,,,,,,,,,,,,,,,,,
North Dakota,10,Total employment (number of jobs),434930,435651,440643,445433,442530,443692,453079,461638,471131,482494,491887,492409,503803,529778,567381,586758,607113,597638,576701,573077,578397,581406,560448
North Dakota,,By industry,,,,,,,,,,,,,,,,,,,,,,,
North Dakota,70,  Farm employment,38221,37674,36887,37284,33141,30517,31095,31354,30226,31998,32145,31243,31652,32316,33055,32924,32607,29779,28666,28606,28498,28692,30055
North Dakota,500,      Manufacturing,23093,23024,23983,25150,24872,24525,25682,26974,27133,27389,27567,24926,23814,25191,26563,26959,27491,27090,26278,26442,27698,28218,26918
Ohio,,Employment by place of work,,,,,,,,,,,,,,,,,,,,,,,
Ohio,10,Total employment (number of jobs),6599132,6681355,6789300,6725753,6640234,6620832,6666590,6709205,6747288,6794947,6725207,6454988,6418141,6521630,6605925,6681685,6771706,6862150,6931328,6987847,7067380,7071612,6852979
Ohio,,By industry,,,,,,,,,,,,,,,,,,,,,,,
Ohio,70,  Farm employment,99218,100064,101045,98289,89288,88195,85169,83780,82962,83625,78854,79948,80764,81224,87525,85110,82082,88292,91173,87365,88835,86978,84465
Ohio,500,      Manufacturing,1058696,1048804,1046727,972326,901876,860657,842385,833528,819122,796705,762452,655638,644135,663982,682941,691686,702126,714992,715646,716499,728949,728802,682094
Oklahoma,,Employment by place of work,,,,,,,,,,,,,,,,,,,,,,,
Oklahoma,10,Total employment (number of jobs),1938705,1953349,1994373,2009183,1987636,1971410,1998176,2043188,2096099,2150026,2186721,2136754,2130312,2159073,2211969,2249096,2273648,2287838,2287131,2291944,2312261,2310371,2266945
Oklahoma,,By industry,,,,,,,,,,,,,,,,,,,,,,,
Oklahoma,70,  Farm employment,97567,97464,100194,101315,93577,89220,89600,88952,86575,90862,90215,87796,85474,83507,83485,85329,83685,78227,80147,78934,77772,79628,82600
Oklahoma,500,      Manufacturing,177302,175758,178043,176089,158874,149733,149136,151289,155786,157608,157209,139507,132079,140159,145745,148094,150949,148317,140498,139874,144802,145204,136038
Oregon,,Employment by place of work,,,,,,,,,,,,,,,,,,,,,,,
Oregon,10,Total employment (number of jobs),2021755,2051144,2092153,2079058,2062116,2076549,2132996,2196901,2256440,2307311,2288774,2189199,2174333,2201553,2219981,2260337,2323439,2391179,2450390,2515986,2570069,2579279,2493432
Oregon,,By industry,,,,,,,,,,,,,,,,,,,,,,,
Oregon,70,  Farm employment,66167,69093,65675,67782,69503,68141,68075,67934,67182,67320,65329,67967,67704,67967,62508,63721,63448,58756,59755,66420,68587,65343,62239
Oregon,500,      Manufacturing,238241,232609,233467,226468,212398,205310,210300,214594,218285,216739,207665,181367,176825,182477,186787,191642,195438,202410,206018,207380,211746,212877,200405
Pennsylvania,,Employment by place of work,,,,,,,,,,,,,,,,,,,,,,,
Pennsylvania,10,Total employment (number of jobs),6657699,6764360,6905286,6915464,6887062,6875775,6951757,7053584,7152610,7265012,7278574,7101513,7119718,7217043,7284595,7350212,7434632,7510339,7593722,7662469,7763488,7772526,7412855
Pennsylvania,,By industry,,,,,,,,,,,,,,,,,,,,,,,
Pennsylvania,70,  Farm employment,81650,82522,85561,83528,80423,75372,73467,72733,72516,75661,72853,71790,73413,73121,77942,75862,73366,74008,78218,75297,71290,68233,65285
Pennsylvania,500,      Manufacturing,894901,877751,879394,840880,777559,727945,706776,696690,693005,680883,666858,602475,585194,591630,594545,593925,596963,597763,590842,593750,600807,603487,566632
Rhode Island,,Employment by place of work,,,,,,,,,,,,,,,,,,,,,,,
Rhode Island,10,Total employment (number of jobs),554761,566528,582589,585235,588125,594099,602389,605726,611113,617961,608884,588270,586329,591668,592954,602374,613103,626983,633419,638851,648727,650995,615668
Rhode Island,,By industry,,,,,,,,,,,,,,,,,,,,,,,
Rhode Island,70,  Farm employment,1268,1264,1299,1430,1426,1402,1264,1236,1168,1422,1469,1507,1524,1593,1584,1641,1599,1562,1514,1379,1420,1405,1388
Rhode Island,500,      Manufacturing,74044,72610,71771,69709,64404,60314,58585,56735,54477,52838,49819,43891,42303,42406,41698,42274,43139,43546,42874,42765,42635,41872,39624
South Carolina,,Employment by place of work,,,,,,,,,,,,,,,,,,,,,,,
South Carolina,10,Total employment (number of jobs),2191440,2240690,2279819,2256571,2248075,2263806,2305699,2356325,2418647,2482361,2472467,2367944,2357679,2427453,2453323,2500985,2564027,2636275,2700187,2759183,2843694,2882364,2825233
South Carolina,,By industry,,,,,,,,,,,,,,,,,,,,,,,
South Carolina,70,  Farm employment,34582,33391,32268,32487,29981,28789,29193,28137,28375,28134,28837,30229,28677,29052,28422,29280,26801,28327,28766,28827,27667,26173,26618
South Carolina,500,      Manufacturing,346155,338957,338640,319570,296135,284400,272526,266080,261265,257394,249656,221998,214652,224301,229442,233990,239628,245369,248242,250289,259660,267919,254655
South Dakota,,Employment by place of work,,,,,,,,,,,,,,,,,,,,,,,
South Dakota,10,Total employment (number of jobs),490715,501684,512377,511664,509549,509653,518411,527756,538721,551970,561052,556495,558161,566491,574997,581234,589348,592644,597263,601254,610179,610325,606246
South Dakota,,By industry,,,,,,,,,,,,,,,,,,,,,,,
South Dakota,70,  Farm employment,38451,38539,38031,37694,34499,32113,32629,32743,31500,31743,32140,31641,32343,33231,34357,33949,33585,31705,30910,31475,31341,31561,33011
South Dakota,500,      Manufacturing,43130,43357,44031,42386,39906,39082,40335,41483,43028,43902,44585,39810,38722,41281,43234,43789,44612,44855,44641,45594,46933,47326,45540
Tennessee,,Employment by place of work,,,,,,,,,,,,,,,,,,,,,,,
Tennessee,10,Total employment (number of jobs),3339584,3397301,3459310,3421028,3408736,3433444,3507915,3572054,3643561,3702458,3677116,3523871,3515815,3589026,3635172,3689682,3772755,3859498,3951859,4033011,4120203,4169016,4121045
Tennessee,,By industry,,,,,,,,,,,,,,,,,,,,,,,
Tennessee,70,  Farm employment,108252,107710,105933,103400,94418,94409,90703,86575,83560,81650,79317,76583,75028,74293,72137,72761,73850,75738,73879,75378,75921,74746,74183
Tennessee,500,      Manufacturing,513980,506812,498790,463947,439703,423598,422773,421655,412613,395144,372962,323486,311762,317051,326822,333126,339342,347281,359629,364095,369359,372720,353524
Texas,,Employment by place of work,,,,,,,,,,,,,,,,,,,,,,,
Texas,10,Total employment (number of jobs),11541749,11761409,12138771,12284685,12291965,12374943,12588075,13003916,13493483,14008293,14365985,14202860,14262584,14681517,15095946,15532152,16001898,16414554,16683280,17104407,17608884,17901639,17700743
Texas,,By industry,,,,,,,,,,,,,,,,,,,,,,,
Texas,70,  Farm employment,281395,277379,284440,295942,274531,263394,253780,257839,246076,263582,263611,269751,266416,266163,266551,274297,273674,274103,277016,272681,275544,265184,272241
Texas,500,      Manufacturing,1117173,1097455,1103180,1067636,991898,943792,934360,946782,977564,988763,975718,897234,865198,901208,929678,947970,959838,953138,924573,933458,963691,985393,951394
Utah,,Employment by place of work,,,,,,,,,,,,,,,,,,,,,,,
Utah,10,Total employment (number of jobs),1309652,1338175,1380538,1391757,1395308,1405773,1453389,1517550,1592713,1676369,1688135,1633986,1620793,1664413,1706044,1753374,1803933,1865934,1933131,1995267,2069738,2103035,2135748
Utah,,By industry,,,,,,,,,,,,,,,,,,,,,,,
Utah,70,  Farm employment,19574,20113,20475,20556,19413,19455,18786,18645,18284,18864,19241,19421,20007,20186,20219,20897,20597,20568,20834,21898,20964,20405,20775
Utah,500,      Manufacturing,133291,131884,130901,127024,118809,119225,122382,124724,129162,134761,132697,120723,118124,121304,124532,127518,129543,132975,135965,139206,142972,146426,146543
Vermont,,Employment by place of work,,,,,,,,,,,,,,,,,,,,,,,
Vermont,10,Total employment (number of jobs),381006,389726,400963,403836,405648,406047,413086,417100,421001,425046,424280,414213,413335,416949,421870,424997,429010,432560,433791,435861,437661,433442,409316
Vermont,,By industry,,,,,,,,,,,,,,,,,,,,,,,
Vermont,70,  Farm employment,9379,9403,9648,9647,9929,9630,8769,8486,8075,8506,8828,8756,8882,9236,9363,9713,9634,9607,9299,9372,9290,9152,9102
Vermont,500,      Manufacturing,47076,47535,48422,48113,43483,40081,39585,39516,38880,39116,37869,34501,33909,34247,35570,35818,35081,34821,34089,33693,33737,33617,31729
Virginia,,Employment by place of work,,,,,,,,,,,,,,,,,,,,,,,
Virginia,10,Total employment (number of jobs),4167798,4261127,4399151,4417451,4421728,4467318,4587035,4700990,4781754,4869298,4870374,4758069,4743177,4802651,4856833,4898617,4953436,5060270,5156659,5229126,5299069,5329577,5224726
Virginia,,By industry,,,,,,,,,,,,,,,,,,,,,,,
Virginia,70,  Farm employment,61509,61483,61192,60188,57814,57818,54244,51755,50804,50569,49998,50583,53862,50922,50787,52223,54650,52272,50870,47848,48755,46306,45197
Virginia,500,      Manufacturing,379196,368432,363465,351234,329534,312867,306657,301373,294558,285988,273794,249733,240138,241364,243046,244043,244717,247130,247146,248796,254287,256938,248212
Washington,,Employment by place of work,,,,,,,,,,,,,,,,,,,,,,,
Washington,10,Total employment (number of jobs),3382924,3446900,3526778,3515729,3489176,3516324,3585288,3687833,3798218,3924866,3954871,3815623,3771422,3814269,3909118,3991747,4094370,4199164,4313722,4432271,4537842,4592322,4435738
Washington,,By industry,,,,,,,,,,,,,,,,,,,,,,,
Washington,70,  Farm employment,82306,85203,80286,80048,78764,80415,73700,73800,73585,74330,81931,81381,81538,80380,88738,85868,85865,83649,84291,84177,85166,92285,87474
Washington,500,      Manufacturing,377115,360662,347942,331347,300198,280993,278382,286269,300907,310601,307324,284108,274984,286935,298950,307350,308458,311776,311468,305078,307307,311482,289000
West Virginia,,Employment by place of work,,,,,,,,,,,,,,,,,,,,,,,
West Virginia,10,Total employment (number of jobs),868370,868236,875561,872546,871215,868312,879273,890760,902913,915643,918376,899067,899510,909060,918958,914247,911678,904270,890209,888822,898085,881634,840864
West Virginia,,By industry,,,,,,,,,,,,,,,,,,,,,,,
West Virginia,70,  Farm employment,23816,23319,23172,23505,21847,21903,21391,21046,21093,23274,22476,22484,21898,21646,21375,21924,22696,23023,23079,23378,23397,22696,22455
West Virginia,500,      Manufacturing,79172,78109,77226,74355,70859,66723,65298,64228,63115,61412,58929,53322,51376,52061,51721,51314,50559,50404,49732,49434,49623,49425,46936
Wisconsin,,Employment by place of work,,,,,,,,,,,,,,,,,,,,,,,
Wisconsin,10,Total employment (number of jobs),3287793,3350388,3413585,3403719,3395194,3413427,3467823,3511454,3547006,3585326,3572816,3444538,3426369,3474372,3499342,3539199,3585944,3624473,3657732,3678859,3721096,3718385,3581998
Wisconsin,,By industry,,,,,,,,,,,,,,,,,,,,,,,
Wisconsin,70,  Farm employment,101511,102896,101442,99632,96074,97400,95268,95631,91783,94292,93263,89962,89535,89302,84565,88586,86548,84137,83288,81254,84712,83720,81149
Wisconsin,500,      Manufacturing,607508,606407,604927,570861,538672,518483,517769,520802,521535,516959,507801,451829,444984,460155,471426,474759,481190,484328,482328,485083,492767,499907,474256
Wyoming,,Employment by place of work,,,,,,,,,,,,,,,,,,,,,,,
Wyoming,10,Total employment (number of jobs),310043,315198,324653,330130,334129,336769,343760,354384,370331,388463,398989,387490,385075,390340,396724,400510,406401,406045,398144,398968,404591,408043,401701
Wyoming,,By industry,,,,,,,,,,,,,,,,,,,,,,,
Wyoming,70,  Farm employment,12278,12016,12726,12459,13168,12124,11837,11527,11180,12603,12859,12807,13053,13684,13959,13970,14126,14470,14580,14941,14511,14577,14385
Wyoming,500,      Manufacturing,11357,11394,11296,11420,(D),10639,10844,11190,11756,11852,11589,10916,10428,11025,11277,11601,11779,11887,11530,(D),12188,12399,12111